M_diesel_sim,M_NH3_sim,M_air_sim,Diesel_fuel,NH3_fuel,Fresh_air,Q_gross,CA50,DI_timing,X_res
6.93244479695748e-06,6.88959874994185e-05,0.00164554106922512,6.80000019073486e-06,6.75797271898256e-05,0.001594,821.790378634969,5.60000000000002,39.8,0.0368655470154491
6.93244479695748e-06,6.88959874994185e-05,0.00164554106922512,6.80000019073486e-06,6.75655555123831e-05,0.00159328607386565,809.364073496353,5.80000000000001,39.8,0.0287353808644262
6.98824841235148e-06,6.9436403027675e-05,0.00166471290973332,6.80000019073486e-06,6.75513838349406e-05,0.0015925721477313,669.876741961081,7,40,0.041963299820991
6.94005507574518e-06,6.89429925568604e-05,0.001645647015,6.80000019073486e-06,6.75505796562969e-05,0.00159248815642137,816.973589507856,6.19999999999999,39.8,0.0379630912423784
6.90706729820847e-06,6.86141917909376e-05,0.00163238632925035,6.80000019073486e-06,6.75667076427985e-05,0.00159320208255572,815.548529719789,7.39999999999998,39.8,0.0362588893314318
6.93364886886402e-06,6.88943617162049e-05,0.00164643242920882,6.80000019073486e-06,6.75828356293e-05,0.00159391600869008,773.27992342662,5.39999999999998,39.8,0.0398404758255185
6.93502105601115e-06,6.89244346210447e-05,0.00164735624598237,6.80000019073486e-06,6.76192561406568e-05,0.00159497701149425,777.566465259407,6.80000000000001,39.8,0.037230917655267
6.88920126660689e-06,6.85057903951907e-05,0.00163002402120767,6.80000019073486e-06,6.76583823219942e-05,0.00159608429118774,804.324260798986,6.19999999999999,39.8,0.0355645582811725
6.99530849847516e-06,6.96005160287491e-05,0.00167182809724086,6.80000019073486e-06,6.7692445115205e-05,0.00159683333333333,787.636274290496,6.19999999999999,39.8,0.0289694672198313
6.94542647628055e-06,6.91393783734495e-05,0.00165059875625928,6.80000019073486e-06,6.77159208241511e-05,0.00159683333333333,772.370624420434,6.39999999999998,39.8,0.0427148208664504
6.96119013363824e-06,6.93205123478612e-05,0.0016555224355597,6.80000019073486e-06,6.77393965330971e-05,0.00159683333333333,767.570844971645,6.19999999999999,39.8,0.0316046148004394
6.94164111865177e-06,6.91498768538659e-05,0.0016495295134812,6.80000019073486e-06,6.77464162303837e-05,0.00159703256704981,808.70062271447,5.60000000000002,39.8,0.0492391793352408
6.93493315454266e-06,6.90905649225087e-05,0.00164817308078085,6.80000019073486e-06,6.77483725394674e-05,0.00159729310344828,772.255223944821,5.60000000000002,39.8,0.04207434539265
6.94582369888415e-06,6.92011664356014e-05,0.00165163208808308,6.80000019073486e-06,6.77523426961405e-05,0.0015975,749.644738352842,8.19999999999999,39.8,0.0407101757030366
6.97449858843099e-06,6.94908683462597e-05,0.0016638108929678,6.80000019073486e-06,6.77640805506584e-05,0.0015975,841.760771071299,6,39.8,0.0335791618637907
6.9355558885901e-06,6.91146985246687e-05,0.00164827395507453,6.80000019073486e-06,6.77758184051763e-05,0.0015975,770.426940234029,6.19999999999999,39.8,0.0333287044796842
6.92079728888969e-06,6.89795943037111e-05,0.00164459701998862,6.80000019073486e-06,6.77748977891338e-05,0.00159716283524904,749.031353247725,6.80000000000001,39.8,0.0459596490502827
6.9388094558984e-06,6.91584098899647e-05,0.00165022985388895,6.80000019073486e-06,6.77670725527855e-05,0.00159664176245211,745.838475627924,7.60000000000002,39.8,0.0378763745395482
6.93886994180226e-06,6.91511732730427e-05,0.00165095840797919,6.80000019073486e-06,6.77616639335468e-05,0.00159611494252874,770.1181321276,5.80000000000001,39.8,0.0380058264120826
6.94781670325212e-06,6.92347691157204e-05,0.00165403722835042,6.80000019073486e-06,6.77812270244399e-05,0.00159552873563218,699.324263878897,7.39999999999998,39.8,0.0451302362323951
6.97380203413007e-06,6.95131567821322e-05,0.00165901789783979,6.80000019073486e-06,6.7800790115333e-05,0.00159494252873563,805.852711883264,6.60000000000002,39.8,0.0441768819017729
6.97106764277876e-06,6.95059487298233e-05,0.00165544276948825,6.80000019073486e-06,6.78048178105119e-05,0.00159511494252874,761.352518401596,6,39.8,0.0334824426926771
6.90218740093624e-06,6.88236888582571e-05,0.00163211884100373,6.80000019073486e-06,6.7795036265056e-05,0.00159596168582375,760.324659859385,6.60000000000002,39.8,0.0404443042933585
6.92084399040988e-06,6.90000044274902e-05,0.00164318759693672,6.80000019073486e-06,6.77852547196001e-05,0.00159680842911877,679.297173049401,7,40,0.0460736314051702
6.92060143688591e-06,6.89876350260936e-05,0.00164330297777237,6.80000019073486e-06,6.7806411179895e-05,0.00159752831382474,783.134196942838,6,39.8,0.0437587802814519
6.95001516873052e-06,6.93018272423274e-05,0.00165596317779604,6.80000019073486e-06,6.78285051555157e-05,0.00159824435433104,732.234295909414,7.39999999999998,40,0.0337787282254735
6.94026625799567e-06,6.92271632196023e-05,0.00165101347423272,6.80000019073486e-06,6.78318270812353e-05,0.00159834344712548,820.595732311882,7,39.8,0.0284875494668978
6.94709209200799e-06,6.92990265630974e-05,0.00165309885765493,6.80000019073486e-06,6.78083317928104e-05,0.00159756118604584,762.17179332986,6,39.8,0.0372478199442136
6.95639540627577e-06,6.93684142060807e-05,0.00165819108471487,6.80000019073486e-06,6.77848365043855e-05,0.00159677892496621,796.815072312779,7,39.8,0.036853544581206
6.91986099478223e-06,6.89800753337842e-05,0.00164330205404622,6.80000019073486e-06,6.77341866718623e-05,0.00159599814660365,798.729767406486,6.19999999999999,39.8,0.042744398835848
6.95216708427375e-06,6.92510500579238e-05,0.00165584629898111,6.80000019073486e-06,6.7678855021391e-05,0.00159521762388197,830.13556697794,5.19999999999999,39.8,0.0367798411824508
6.9406453041731e-06,6.90798313893419e-05,0.0016507381765666,6.80000019073486e-06,6.76357696906304e-05,0.00159466666666667,755.478163773097,6.19999999999999,39.8,0.0328664760868817
6.96393258673713e-06,6.92673791129241e-05,0.00165821114818767,6.80000019073486e-06,6.76220755271754e-05,0.00159466666666667,726.921025709333,7,39.8,0.0388341078123617
6.97280655897809e-06,6.93409095441829e-05,0.00165853249137191,6.80000019073486e-06,6.76083813637203e-05,0.00159466666666667,770.929475049777,6.39999999999998,39.8,0.0434760075091396
6.9616950371667e-06,6.92163519312896e-05,0.00165469956947727,6.80000019073486e-06,6.7613387213385e-05,0.00159481034482759,640.238780022716,6.39999999999998,39.8,0.0429874613297959
6.92983455588653e-06,6.89042597757618e-05,0.00164137631107659,6.80000019073486e-06,6.76251250677728e-05,0.00159500574712644,772.13404488324,6.80000000000001,39.8,0.0462880770817429
6.93986054284116e-06,6.90157750113095e-05,0.00164894544501123,6.80000019073486e-06,6.7639970001284e-05,0.00159520114942529,707.908218835609,7.39999999999998,39.8,0.0398037493956624
6.90287934232003e-06,6.86630862923572e-05,0.00163557891289511,6.80000019073486e-06,6.76693146373712e-05,0.00159539655172414,747.693138764069,7,39.8,0.0358618759529953
6.92830234795445e-06,6.89455388991303e-05,0.00164622136025666,6.80000019073486e-06,6.76986592734584e-05,0.00159559195402299,790.280201366229,6.60000000000002,39.8,0.0416092200413416
6.89883281794443e-06,6.86821713088118e-05,0.00163711454591123,6.80000019073486e-06,6.77098792813741e-05,0.00159566666666667,805.008361706152,7.39999999999998,39.8,0.044844542088307
6.922417439592e-06,6.89286191289741e-05,0.00164284878432622,6.80000019073486e-06,6.77098792813741e-05,0.00159566666666667,774.478308555731,5.60000000000002,39.8,0.0375549939192918
6.9588771450488e-06,6.92918655120285e-05,0.001658221874191,6.80000019073486e-06,6.77097642043696e-05,0.00159566666666667,782.799151746766,5.80000000000001,39.8,0.04083460396766
6.94880494104482e-06,6.91914628363629e-05,0.00165287647562106,6.80000019073486e-06,6.77078078952918e-05,0.00159566666666667,694.125584085927,6.39999999999998,39.8,0.032136836074897
6.95754908131309e-06,6.92765723518913e-05,0.00165510816155205,6.80000019073486e-06,6.77058515862141e-05,0.00159566666666667,745.508102068928,6.19999999999999,39.8,0.0361739200836172
6.96461421638063e-06,6.93449195000021e-05,0.00165412076997072,6.80000019073486e-06,6.76980263499137e-05,0.00159560153256705,744.571329476553,6.60000000000002,39.8,0.0401024722114311
6.94220087611271e-06,6.91138829607766e-05,0.00164770238584233,6.80000019073486e-06,6.76843321863907e-05,0.00159547126436782,797.602973333866,7.19999999999999,39.8,0.032722273211329
6.93792450264059e-06,6.90574536100732e-05,0.00164738464474197,6.80000019073486e-06,6.76706380228676e-05,0.00159534099616858,762.740871426379,6,40,0.0326787288834285
6.93988060963121e-06,6.90629543467502e-05,0.00165081098623779,6.80000019073486e-06,6.76403727708411e-05,0.00159508812260536,678.926475480073,7.19999999999999,39.8,0.0396225134227957
6.95197462527662e-06,6.91527623961128e-05,0.00165472240190912,6.80000019073486e-06,6.76090718257831e-05,0.0015948275862069,760.035510697342,7,39.8,0.0464865396345187
6.95669807127601e-06,6.91677787954026e-05,0.00165529434763001,6.80000019073486e-06,6.75837548849548e-05,0.00159466666666667,747.671394691802,5.60000000000002,39.8,0.0303044817989214
6.98050856963756e-06,6.93784804134652e-05,0.0016615689527753,6.80000019073486e-06,6.75681044124976e-05,0.00159466666666667,772.31730538651,5.80000000000001,39.8,0.0455979062667389
6.97846981223275e-06,6.93418936738339e-05,0.00166061323968395,6.80000019073486e-06,6.75524539400403e-05,0.00159466666666667,761.836648079663,6.19999999999999,39.8,0.0409098632456269
6.92456062070941e-06,6.87901545138999e-05,0.00164067194140215,6.80000019073486e-06,6.75400256237031e-05,0.00159514942528736,751.209106801801,6.19999999999999,39.8,0.0434177809949493
6.92424310638448e-06,6.87742829048415e-05,0.00164416964605002,6.80000019073486e-06,6.75282877693916e-05,0.00159573563218391,811.30961737187,6.80000000000001,39.8,0.0422817484182367
6.94371337946683e-06,6.89557032063071e-05,0.00165333582588063,6.80000019073486e-06,6.75118892964875e-05,0.00159616666666667,763.013442749836,6,39.8,0.049552653496092
6.94568297481619e-06,6.89586164685921e-05,0.00165175819736099,6.80000019073486e-06,6.74825446608264e-05,0.00159616666666667,756.170600880576,7,39.8,0.0357597124220873
6.87021744439846e-06,6.81796805195205e-05,0.00162529548325566,6.80000019073486e-06,6.74532000251653e-05,0.00159616666666667,796.024381006518,6.39999999999998,39.8,0.0481667031168917
6.91493177382503e-06,6.85937750768442e-05,0.00164276493978135,6.80000019073486e-06,6.74197126175675e-05,0.00159616666666667,764.430610099228,5,39.8,0.0382832976245906
6.89006239417721e-06,6.83130990930832e-05,0.00163217892154506,6.80000019073486e-06,6.73844990549961e-05,0.00159616666666667,751.494201809083,6.60000000000002,39.8,0.0406045462354587
6.95614429503606e-06,6.89326254810997e-05,0.00165629713085695,6.80000019073486e-06,6.73550393425163e-05,0.00159616666666667,763.239763070381,7.19999999999999,39.8,0.0434047159417557
6.98120639849286e-06,6.91507208471605e-05,0.00166568318252164,6.80000019073486e-06,6.73589519605679e-05,0.00159616666666667,807.410294098447,6.80000000000001,39.8,0.0344022121419567
6.92602122193307e-06,6.86072240573705e-05,0.00164532959391031,6.80000019073486e-06,6.73628645786194e-05,0.00159616666666667,762.054155445358,6.39999999999998,39.8,0.0451319591761992
6.92486475044754e-06,6.8599737893114e-05,0.00164650367669855,6.80000019073486e-06,6.73633248866253e-05,0.00159524712643678,762.363971399956,6.80000000000001,39.8,0.0369410741579435
6.94159853247928e-06,6.87660395214691e-05,0.0016495121552731,6.80000019073486e-06,6.73613685775991e-05,0.00159368390804598,738.933228160283,6,39.8,0.0392441488634135
6.95346819673469e-06,6.88816793412491e-05,0.00165314148767516,6.80000019073486e-06,6.73595848840753e-05,0.0015921877394636,779.580941133356,5.39999999999998,39.8,0.0476186101575667
6.95032051939336e-06,6.88486715361129e-05,0.00164846880965004,6.80000019073486e-06,6.73634975021283e-05,0.00159290421455939,800.171261065493,7,39.8,0.0309967493812928
6.93917034057078e-06,6.87420929074695e-05,0.00164619981315774,6.80000019073486e-06,6.73674101201813e-05,0.00159362068965517,681.27788242324,5.80000000000001,39.8,0.037139742009428
6.93377651559256e-06,6.86926498968188e-05,0.00164753268682053,6.80000019073486e-06,6.73685608901968e-05,0.001594,810.243488685703,6,39.8,0.0388009805625066
6.91367584683516e-06,6.84947411223875e-05,0.0016403317293814,6.80000019073486e-06,6.73666045811699e-05,0.001594,764.680440417723,6.39999999999998,39.8,0.0329391637138147
6.91323587399933e-06,6.84884461286828e-05,0.0016376481522373,6.80000019073486e-06,6.7364648272143e-05,0.001594,733.419078060808,6.19999999999999,39.8,0.0425001950403934
6.92177054178659e-06,6.85710098487013e-05,0.00164370484078865,6.80000019073486e-06,6.73448550279159e-05,0.00159352490421456,779.684222200817,5.80000000000001,39.8,0.037467272594205
6.92012029389594e-06,6.85348333329117e-05,0.00164522893801838,6.80000019073486e-06,6.73233356286694e-05,0.00159300383141762,847.397710835233,6,39.8,0.0356611169654608
6.89523046691161e-06,6.82664682374735e-05,0.00163068898792204,6.80000019073486e-06,6.73066494634862e-05,0.00159266666666667,788.878907483122,5.60000000000002,39.8,0.0362357175450854
6.90396571160792e-06,6.83359637065026e-05,0.00163375055090204,6.80000019073486e-06,6.7298824227419e-05,0.00159266666666667,736.264079807154,7,39.8,0.0447099399253631
6.88124165041479e-06,6.8102958209547e-05,0.00162546352641556,6.80000019073486e-06,6.72909989913518e-05,0.00159266666666667,724.168107409435,6.39999999999998,39.8,0.0400654364340466
6.93895854627166e-06,6.86662558942131e-05,0.00165166019925455,6.80000019073486e-06,6.72782089592777e-05,0.00159282360485036,801.334561440313,6.39999999999998,39.8,0.0376688165405568
6.92274204991124e-06,6.84928327180066e-05,0.00164281109902288,6.80000019073486e-06,6.72641317578686e-05,0.00159302123071132,737.906092106141,5.80000000000001,39.8,0.0345450281662612
6.96121685278509e-06,6.88591913145515e-05,0.00165624253813034,6.80000019073486e-06,6.725391727381e-05,0.00159329443854259,842.743921941311,5.80000000000001,40,0.0443676978305991
6.94586412703827e-06,6.86967789039274e-05,0.00164808707585884,6.80000019073486e-06,6.72562566211407e-05,0.00159381328777743,758.402476195065,6.60000000000002,39.8,0.0377747987680408
6.93999975122075e-06,6.86408962681945e-05,0.0016463019441446,6.80000019073486e-06,6.72585959684714e-05,0.00159433213701226,793.328634916913,6.19999999999999,39.8,0.0383819567408243
6.95128417776358e-06,6.87548883075094e-05,0.00165378274140081,6.80000019073486e-06,6.72326469279854e-05,0.00159428108759941,796.998401592303,6.39999999999998,39.8,0.0267517601679325
6.91247568834137e-06,6.83451378113253e-05,0.00164024355709865,6.80000019073486e-06,6.71931686585436e-05,0.00159395747796377,783.635201407021,6.39999999999998,39.8,0.0345004056215332
6.91743548603225e-06,6.83542767481605e-05,0.00164142476577925,6.80000019073486e-06,6.71592969296671e-05,0.00159373300027755,698.440942553757,7.19999999999999,39.8,0.0331258505649166
6.91184248766621e-06,6.82644607338012e-05,0.00163965833405169,6.80000019073486e-06,6.71674742550312e-05,0.00159425201221205,852.207262530145,5.19999999999999,39.8,0.0312224777979949
6.92525484964045e-06,6.84045455221853e-05,0.00164575986096559,6.80000019073486e-06,6.71756515803954e-05,0.00159477102414654,703.300195667181,5.80000000000001,39.8,0.0379968352285698
6.90453888990187e-06,6.82082377250584e-05,0.00163801315636535,6.80000019073486e-06,6.71781659924392e-05,0.001595,679.758483862635,6.39999999999998,40,0.0531354529628761
6.94797654920247e-06,6.86399879615802e-05,0.00165216383010915,6.80000019073486e-06,6.71762096834407e-05,0.001595,849.560798252427,6.19999999999999,39.8,0.0307473539380454
6.9139654690891e-06,6.83020878839321e-05,0.00164032495064138,6.80000019073486e-06,6.71742533744421e-05,0.001595,825.50113800381,6,39.8,0.0345895869307058
6.88606445987002e-06,6.80244701278259e-05,0.00163060214911963,6.80000019073486e-06,6.72035980094982e-05,0.00159441379310345,767.305457001838,6.39999999999998,39.8,0.0357951535524948
6.92254296375987e-06,6.84141453768079e-05,0.00164678863172244,6.80000019073486e-06,6.72329426445543e-05,0.0015938275862069,821.160936140046,6.19999999999999,39.8,0.0360757550319342
6.93123374979795e-06,6.85298983781712e-05,0.00164779077116695,6.80000019073486e-06,6.72527934271047e-05,0.0015935,803.859823107501,6,39.8,0.0288438273930776
6.92134027903157e-06,6.84524967151974e-05,0.00164327860722853,6.80000019073486e-06,6.72606186631481e-05,0.0015935,791.206327090422,5.60000000000002,39.8,0.033087619522271
6.91138599833629e-06,6.83622314031047e-05,0.00163905128175245,6.80000019073486e-06,6.72684438991914e-05,0.0015935,807.051959225662,6.80000000000001,39.8,0.0424421403893768
6.89101054852478e-06,6.81686498985107e-05,0.00163060698496829,6.80000019073486e-06,6.72797214452736e-05,0.0015935,759.569125446545,6,39.8,0.0362063042216753
6.94446248794853e-06,6.87088006337246e-05,0.00165264704888782,6.80000019073486e-06,6.7291459299361e-05,0.0015935,828.660996557174,5.80000000000001,39.8,0.0488461078347258
6.90203912673336e-06,6.83010367753089e-05,0.00163420147290595,6.80000019073486e-06,6.72962349948959e-05,0.0015935,815.409170277539,5.80000000000001,39.8,0.0427771735821144
6.92559712688688e-06,6.85391142074693e-05,0.00164497539102284,6.80000019073486e-06,6.72864534498212e-05,0.0015935,771.439367618291,7.19999999999999,39.8,0.02687061335128
6.92567907697535e-06,6.85302334993513e-05,0.00164217303053258,6.80000019073486e-06,6.72766719047466e-05,0.0015935,818.745728075955,5.39999999999998,39.8,0.0303177491872883
6.93936501647999e-06,6.86556997146925e-05,0.00164940850481246,6.80000019073486e-06,6.72758663657393e-05,0.0015935,801.452861938118,6.60000000000002,39.8,0.0438448634869025
6.95344321692246e-06,6.87939790899195e-05,0.00164865481378099,6.80000019073486e-06,6.72778226747527e-05,0.0015935,780.836525828557,6.19999999999999,39.8,0.0311882020361408
6.94564745114921e-06,6.87187857019713e-05,0.0016478777321066,6.80000019073486e-06,6.72801817532694e-05,0.00159332567049808,761.636491651528,6.60000000000002,39.8,0.0405061238481639
6.92214879926634e-06,6.84886945827076e-05,0.00163931389691195,6.80000019073486e-06,6.72840943712985e-05,0.00159247892720307,778.304638242919,6.39999999999998,39.8,0.0362562568017176
6.95870575145211e-06,6.88543490699108e-05,0.00165506399398555,6.80000019073486e-06,6.72880069893276e-05,0.00159163218390805,754.136406983152,7.39999999999998,39.8,0.0426864295500836
6.90362460465757e-06,6.83133401221318e-05,0.00163064670671944,6.80000019073486e-06,6.72843245253022e-05,0.00159167049808429,764.036764984856,5.39999999999998,39.8,0.0323850818609204
6.9230356251963e-06,6.85017953413961e-05,0.00163953275911834,6.80000019073486e-06,6.72764992892469e-05,0.00159219157088123,837.189325681732,6.80000000000001,39.8,0.0323079025023256
6.98145770951885e-06,6.90719783952129e-05,0.00166114359017001,6.80000019073486e-06,6.72676383601889e-05,0.00159266666666667,733.156748844755,5.80000000000001,39.8,0.0395501124574444
6.97242342723953e-06,6.89735305337453e-05,0.00165659744671689,6.80000019073486e-06,6.7248075270103e-05,0.00159266666666667,809.4618653633,5.39999999999998,39.8,0.0326751004490495
6.95902106458014e-06,6.88211626208826e-05,0.00165345544828483,6.80000019073486e-06,6.72285121800171e-05,0.00159266666666667,776.889957723514,7,39.8,0.0340273925028508
6.93821317129567e-06,6.85953679379205e-05,0.00164762095790306,6.80000019073486e-06,6.71965207740157e-05,0.00159266666666667,809.300142609868,5.80000000000001,39.8,0.0397719964163785
6.95064763960047e-06,6.86859124846362e-05,0.00165244738251064,6.80000019073486e-06,6.71534819760895e-05,0.00159266666666667,787.358733562812,5.60000000000002,40,0.0372459551435584
6.9762070071673e-06,6.88947479127656e-05,0.00166047974043316,6.80000019073486e-06,6.71104431781633e-05,0.00159266666666667,740.946272733988,6,39.8,0.0358106748352642
6.94726102334556e-06,6.8564743191009e-05,0.00164846015836121,6.80000019073486e-06,6.70958859377618e-05,0.00159254022988506,761.786943351245,6.39999999999998,39.8,0.0420836584237411
6.91202552330819e-06,6.82014998096123e-05,0.00163978156194519,6.80000019073486e-06,6.7082191774861e-05,0.00159240996168582,764.037360759657,5.60000000000002,39.8,0.0405330225960067
6.93143841931152e-06,6.83791031203151e-05,0.00164717853700042,6.80000019073486e-06,6.70958859378447e-05,0.00159230651340996,786.3668863532,6.39999999999998,39.8,0.0438432853227475
6.94005434244401e-06,6.84775295019665e-05,0.00164699783990899,6.80000019073486e-06,6.71487062806635e-05,0.00159224137931034,760.565035207514,5.19999999999999,39.8,0.0437825545496786
6.90634867907474e-06,6.81980470189983e-05,0.00163598222711854,6.80000019073486e-06,6.72015266234823e-05,0.00159217624521073,795.656631051643,7,39.8,0.0265457376618925
6.92609959063659e-06,6.8446719011411e-05,0.00164401837860329,6.80000019073486e-06,6.72409980346251e-05,0.00159216666666667,823.306959664816,6.80000000000001,39.8,0.0397894332784956
6.93227986902105e-06,6.85482431661873e-05,0.00164639489833188,6.80000019073486e-06,6.72781679058238e-05,0.00159216666666667,848.003844481923,6.80000000000001,39.8,0.0365876238930461
6.95632225288878e-06,6.88239223951444e-05,0.00165443585874631,6.80000019073486e-06,6.7307857771999e-05,0.00159216666666667,741.133010396298,6.19999999999999,39.8,0.0351004354448445
6.93163110604812e-06,6.86101775281833e-05,0.00164253743300611,6.80000019073486e-06,6.73195956261177e-05,0.00159216666666667,800.168061093253,6.60000000000002,39.8,0.0414636638410388
6.9664958443029e-06,6.89675910508896e-05,0.00165374267072544,6.80000019073486e-06,6.73313334802365e-05,0.00159216666666667,800.580259680477,6.80000000000001,39.8,0.0332606072852621
6.96722648671571e-06,6.898685657993e-05,0.00165459036590032,6.80000019073486e-06,6.73459482594151e-05,0.00159235823754789,773.045324612238,7.19999999999999,39.8,0.041786551788713
6.93972916831418e-06,6.87294920489997e-05,0.00164428443751565,6.80000019073486e-06,6.73615987316153e-05,0.00159261877394636,764.475742408369,6.80000000000001,39.8,0.035518014755292
6.91661228754775e-06,6.85164982941677e-05,0.00163848922061833,6.80000019073486e-06,6.73751778177903e-05,0.00159283333333333,797.709926992258,7,39.8,0.0348363398583977
6.90976351474867e-06,6.84625018269868e-05,0.00163809381106749,6.80000019073486e-06,6.73790904358478e-05,0.00159283333333333,755.436703655718,6.60000000000002,39.8,0.0345871817025902
6.96803039708729e-06,6.90439474580653e-05,0.00165938172812997,6.80000019073486e-06,6.73830030539053e-05,0.00159283333333333,804.179576953512,6.19999999999999,39.8,0.0354970376273136
6.96777899123607e-06,6.90454686325895e-05,0.00165890384638219,6.80000019073486e-06,6.73965821401326e-05,0.00159299425287356,775.521558533013,6,39.8,0.0399855349988824
6.93588714197857e-06,6.87431200026964e-05,0.00164603828983741,6.80000019073486e-06,6.7416145230465e-05,0.00159325478927203,775.709473017369,6,39.8,0.0410648182677898
6.96089693621709e-06,6.90108286583117e-05,0.0016561376340846,6.80000019073486e-06,6.74347877047823e-05,0.0015935,830.683598912214,6.60000000000002,39.8,0.0436037521907403
6.91860325420901e-06,6.861062693452e-05,0.00163904433543251,6.80000019073486e-06,6.74387003228577e-05,0.0015935,767.85122436197,6.80000000000001,39.8,0.0337016890904356
6.89811327101691e-06,6.84116712681902e-05,0.00163223977681527,6.80000019073486e-06,6.74426129409332e-05,0.0015935,789.694467887833,6.39999999999998,40,0.0333930731022739
6.91889926347335e-06,6.86217881673612e-05,0.00163872871953793,6.80000019073486e-06,6.74445692499709e-05,0.0015935,788.26271015286,6.39999999999998,39.8,0.0300503748444845
6.91819441885448e-06,6.86168220861189e-05,0.00163999633331704,6.80000019073486e-06,6.74445692499709e-05,0.0015935,727.380538288314,7.60000000000002,39.8,0.0366165704122467
6.97095660187364e-06,6.91401685548446e-05,0.0016603738940579,6.80000019073486e-06,6.74445692499709e-05,0.0015935,680.152327434858,7,39.8,0.0487270125055478
6.92794366508917e-06,6.87135533919711e-05,0.00164263827797421,6.80000019073486e-06,6.74408867858999e-05,0.00159386781609195,823.82385447957,6.19999999999999,39.8,0.0374144169366431
6.93148575096233e-06,6.87450024802135e-05,0.00164434745067725,6.80000019073486e-06,6.74369741678244e-05,0.00159425862068966,760.478569559247,6,39.8,0.0352506483941618
6.93169261638237e-06,6.87430716558711e-05,0.00164524404980973,6.80000019073486e-06,6.74414643288483e-05,0.00159469871444595,804.181041275198,5.39999999999998,39.8,0.0427576740664913
6.92662581168074e-06,6.86972375744159e-05,0.00164319954204528,6.80000019073486e-06,6.74595282099558e-05,0.00159521842915073,792.372246105656,5.19999999999999,39.8,0.0331948708554868
6.95864660495403e-06,6.90329595897142e-05,0.00165659332776159,6.80000019073486e-06,6.74775920910632e-05,0.00159573814385551,633.596631574409,6,39.8,0.0393694696283063
6.94675211305804e-06,6.89334383351068e-05,0.00165399951002307,6.80000019073486e-06,6.74614307742647e-05,0.00159582985821518,812.531688512451,5.39999999999998,39.8,0.0423632486140723
6.87836833254004e-06,6.82390870635123e-05,0.00162654852526602,6.80000019073486e-06,6.74379354864862e-05,0.00159582985821518,743.167739067988,6.39999999999998,39.8,0.0360497941892621
6.94016842368407e-06,6.88285199666033e-05,0.00165079894998894,6.80000019073486e-06,6.74288292695295e-05,0.00159570952805499,799.030529977043,6.60000000000002,39.8,0.0455444966409096
6.95082693080109e-06,6.89246404165211e-05,0.00165544435300238,6.80000019073486e-06,6.74596926937443e-05,0.00159525494744982,776.18743773928,5.60000000000002,39.8,0.0320132473284078
6.92912667144178e-06,6.87401153455495e-05,0.00164100934164884,6.80000019073486e-06,6.74905561179591e-05,0.00159480036684466,842.566729064098,6.80000000000001,40,0.0303414826850324
6.93071050506407e-06,6.87872623999894e-05,0.00164326718502745,6.80000019073486e-06,6.75106809879499e-05,0.00159466666666667,737.337832202224,5.80000000000001,39.8,0.0324871984717102
6.94891006459378e-06,6.89886106402703e-05,0.00165157993916961,6.80000019073486e-06,6.75263314603473e-05,0.00159466666666667,819.993976108042,6.19999999999999,39.8,0.0410084532565878
6.92060584099144e-06,6.87237014319291e-05,0.00164080498976267,6.80000019073486e-06,6.75404727684697e-05,0.00159443722823573,774.29089234133,6.39999999999998,39.8,0.042965457021494
6.93743397547901e-06,6.89052316647896e-05,0.00164981939444794,6.80000019073486e-06,6.75458609237969e-05,0.00159287704690536,753.095653725025,6.19999999999999,39.8,0.0379129627305546
6.93827878290762e-06,6.89192964709492e-05,0.00164748520512954,6.80000019073486e-06,6.75512490791242e-05,0.00159131686557498,647.050498673536,6.39999999999998,39.8,0.0511140495552891
6.96521756395592e-06,6.9192385949442e-05,0.00165589821088797,6.80000019073486e-06,6.75500182957379e-05,0.00159067443796836,800.830157526114,6,39.8,0.0367476459781597
6.93846195804379e-06,6.89254957958894e-05,0.00164170920730287,6.80000019073486e-06,6.75441542552523e-05,0.00159067443796836,762.118721229161,6.39999999999998,39.8,0.0380098744104115
6.95410166289577e-06,6.90749719545917e-05,0.00164884015965216,6.80000019073486e-06,6.75392822221918e-05,0.0015906973371488,721.457104154949,6.19999999999999,39.8,0.0455503914045816
6.93247526351456e-06,6.8855154836733e-05,0.00163983885242507,6.80000019073486e-06,6.75671464341608e-05,0.00159147590928377,788.974748921641,5.80000000000001,39.8,0.0423676815268421
6.95828597015259e-06,6.91392821340342e-05,0.0016486668979397,6.80000019073486e-06,6.75950106461298e-05,0.00159225448141874,817.549922395499,5.60000000000002,39.8,0.0357488054847711
6.9495249001627e-06,6.90807258230405e-05,0.00164637798348306,6.80000019073486e-06,6.76097622877605e-05,0.00159266666666667,752.158191351791,6,39.8,0.0397956092082509
6.95000409223584e-06,6.91008539150073e-05,0.00164569857803754,6.80000019073486e-06,6.76097622877605e-05,0.00159266666666667,796.438114491598,5.60000000000002,39.8,0.0466823663007169
6.92719221288125e-06,6.88743769879605e-05,0.00163969577110056,6.80000019073486e-06,6.76097622877605e-05,0.00159266666666667,756.628243567985,6.60000000000002,39.8,0.0447156628892193
6.95122676972159e-06,6.91133493244192e-05,0.00165141144085781,6.80000019073486e-06,6.75812231909267e-05,0.00159242911877395,754.012637537919,6.80000000000001,40,0.0359645448179271
6.93622004674744e-06,6.893560433909e-05,0.00164457776015523,6.80000019073486e-06,6.75499222460123e-05,0.00159216858237548,853.188010548575,6.60000000000002,40,0.0341848924209577
6.94709840383413e-06,6.90118574425396e-05,0.00164616646985404,6.80000019073486e-06,6.75241449972845e-05,0.001592,758.206071205925,6.39999999999998,39.8,0.0386940052018277
6.96111843423085e-06,6.91246792930707e-05,0.00165332680247619,6.80000019073486e-06,6.7508494524899e-05,0.001592,789.803885367794,6.80000000000001,39.8,0.0353647306570605
6.92689246490807e-06,6.87685489026351e-05,0.00163876119316146,6.80000019073486e-06,6.74928440525136e-05,0.001592,770.931983134365,5.60000000000002,39.8,0.0427770801161191
6.92511714037336e-06,6.87349755152658e-05,0.00163999874438665,6.80000019073486e-06,6.7464765263936e-05,0.001592,793.236398520171,5.80000000000001,39.8,0.0342965612103527
6.93827479203715e-06,6.88372043349642e-05,0.00164606647857084,6.80000019073486e-06,6.74334643193085e-05,0.001592,783.655323752662,6.39999999999998,39.8,0.0332011286374881
6.93319516003547e-06,6.87549411407019e-05,0.00164081634949134,6.80000019073486e-06,6.74053855307654e-05,0.001592,758.24535111339,5.60000000000002,39.8,0.0334541832270812
6.9083092549156e-06,6.84794622242466e-05,0.00163280177461643,6.80000019073486e-06,6.73877787494965e-05,0.001592,723.544308873691,6,39.8,0.0420829614331057
6.96244854777948e-06,6.89980679996068e-05,0.00165275273481594,6.80000019073486e-06,6.73701719682276e-05,0.001592,777.820589843683,6.60000000000002,39.8,0.0375363875676368
6.95131194863356e-06,6.88696758983448e-05,0.00164984425114354,6.80000019073486e-06,6.73896199815726e-05,0.00159208812260536,771.94121393119,5.80000000000001,39.8,0.0364061893493128
6.9374940930459e-06,6.87518319726517e-05,0.00164583174939181,6.80000019073486e-06,6.74267898532113e-05,0.0015922183908046,750.459157657068,6.39999999999998,39.8,0.0411304527577072
6.92467519260607e-06,6.86623418644816e-05,0.00163918409349046,6.80000019073486e-06,6.74628089548505e-05,0.00159233333333333,745.899983082282,6.19999999999999,39.8,0.0466620794061743
6.9218324246847e-06,6.86708492260403e-05,0.00164064935922581,6.80000019073486e-06,6.74901972814936e-05,0.00159233333333333,780.636523998402,5.60000000000002,39.8,0.0427786344785654
6.9370321352118e-06,6.88496783294266e-05,0.0016431233971688,6.80000019073486e-06,6.75175856081368e-05,0.00159233333333333,820.182461333465,5.39999999999998,39.8,0.0312060973280553
6.92844094919933e-06,6.87923533664955e-05,0.00164177751230626,6.80000019073486e-06,6.75362280825997e-05,0.00159258812260536,772.008298124945,6.39999999999998,39.8,0.0390533133401556
6.94056805327683e-06,6.89319236139411e-05,0.00164468704962977,6.80000019073486e-06,6.75479659369202e-05,0.00159304406130268,744.573542912328,5.80000000000001,39.8,0.0368587995858179
6.98273914613266e-06,6.93628818945305e-05,0.00165891117377269,6.80000019073486e-06,6.75597037912407e-05,0.0015935,743.189049965959,7.60000000000002,39.8,0.0330961869283223
6.97766880621906e-06,6.93245709779263e-05,0.00165518057415409,6.80000019073486e-06,6.75636164093535e-05,0.0015935,732.35439955794,5.80000000000001,39.8,0.0455614907290938
6.940928225245e-06,6.89637653419698e-05,0.00164556730933893,6.80000019073486e-06,6.75675290274663e-05,0.0015935,809.248642408875,5.80000000000001,40,0.0364793379052346
6.95791480529723e-06,6.9136539117952e-05,0.00165207433349033,6.80000019073486e-06,6.75679893354795e-05,0.00159312643678161,793.055184521807,6.80000000000001,40,0.0356231120879555
6.95056377407711e-06,6.90640474736958e-05,0.0016502350552369,6.80000019073486e-06,6.75640767173667e-05,0.00159227969348659,753.520231427005,7.19999999999999,39.8,0.0322657452360902
6.93066429608649e-06,6.886241628642e-05,0.00164484217467983,6.80000019073486e-06,6.75601640992539e-05,0.00159143295019157,783.350292347796,6.60000000000002,39.8,0.0337310155618405
6.93484903465743e-06,6.89000092900219e-05,0.00164281204278019,6.80000019073486e-06,6.75458945508689e-05,0.00159133333333333,764.738315387802,5.60000000000002,39.8,0.0379146028281716
6.93647883301692e-06,6.89018548139012e-05,0.00164085440894542,6.80000019073486e-06,6.75302440784475e-05,0.00159133333333333,756.59241182386,5.19999999999999,39.8,0.0358677625767697
6.93918828849912e-06,6.89128357845343e-05,0.00164488805187538,6.80000019073486e-06,6.75177582236154e-05,0.00159133333333333,776.261331424969,6.60000000000002,40,0.040186019092479
6.92837622630052e-06,6.87926561352728e-05,0.00164073875640239,6.80000019073486e-06,6.75118892964697e-05,0.00159133333333333,726.424186912654,7.19999999999999,39.8,0.0383052876986308
6.93906282977588e-06,6.88926584689776e-05,0.00164446346209272,6.80000019073486e-06,6.7506020369324e-05,0.00159133333333333,777.420528979165,6.19999999999999,39.8,0.0368797867252977
6.92601488873227e-06,6.87571241226946e-05,0.00163776354243631,6.80000019073486e-06,6.74956634390824e-05,0.00159188122605364,741.26433218407,7.19999999999999,39.8,0.0349898099537553
6.93430315843153e-06,6.88289389183178e-05,0.00164294016194938,6.80000019073486e-06,6.74839255848112e-05,0.00159259770114943,783.478044837355,7.39999999999998,39.8,0.0388833224461094
6.89137189611743e-06,6.83908685587411e-05,0.0016271729404087,6.80000019073486e-06,6.74665489574498e-05,0.00159319348659004,818.673251573502,6.39999999999998,39.8,0.0285466955119583
6.98889939045643e-06,6.93412091171035e-05,0.0016654815839865,6.80000019073486e-06,6.74274227767402e-05,0.00159332375478927,784.680930292376,6.19999999999999,39.8,0.0350576877565979
6.95821847361781e-06,6.89972045730724e-05,0.00165249370061031,6.80000019073486e-06,6.73882965960306e-05,0.00159345402298851,755.582348392751,7,39.8,0.0285672761373166
6.98540047460056e-06,6.9226712759922e-05,0.00166026439727451,6.80000019073486e-06,6.73618288856231e-05,0.0015935,743.56554019894,6.19999999999999,39.8,0.0427976975337671
6.96588985081165e-06,6.90058285231146e-05,0.00165422764942592,6.80000019073486e-06,6.73422657953803e-05,0.0015935,804.713831535937,5.60000000000002,39.8,0.0378011918883728
6.94166124551781e-06,6.87455952571026e-05,0.00164670475452344,6.80000019073486e-06,6.73218396276392e-05,0.0015935,739.816145371975,6.60000000000002,39.8,0.0420440252891894
6.94725234625606e-06,6.87801270211263e-05,0.00164867632844418,6.80000019073486e-06,6.72924949924152e-05,0.0015935,790.491131856833,6,39.8,0.0433928039793254
6.86899118630079e-06,6.79755289750365e-05,0.00162181302125848,6.80000019073486e-06,6.72631503571911e-05,0.0015935,741.222795620407,7,39.8,0.0373756872283523
6.93175434947014e-06,6.85669893623353e-05,0.00164748329266316,6.80000019073486e-06,6.72679835912387e-05,0.0015935,725.091313986948,7,39.8,0.0507529939594741
6.92928222885667e-06,6.85468056160435e-05,0.00164815674003707,6.80000019073486e-06,6.73031971535277e-05,0.0015935,727.995140666667,7.60000000000002,39.8,0.0370836523982871
6.89878531318354e-06,6.82804130270633e-05,0.00163502606800539,6.80000019073486e-06,6.73384107158168e-05,0.0015935,703.666321068202,7.60000000000002,39.8,0.0420450899460543
6.92292847564101e-06,6.85550878096901e-05,0.00164574213441162,6.80000019073486e-06,6.73793205899495e-05,0.0015935,746.35387880141,6.60000000000002,39.8,0.0397555599155147
6.91312007547341e-06,6.84995031338772e-05,0.00163991693903568,6.80000019073486e-06,6.74204030795926e-05,0.0015935,768.632983344377,6.39999999999998,39.8,0.0324959216351474
6.96380706556604e-06,6.90435037075793e-05,0.00165929705144571,6.80000019073486e-06,6.74558467962228e-05,0.0015935,792.52884681769,6.80000000000001,39.8,0.036377019962552
6.95995848250916e-06,6.9041772541608e-05,0.00165599090926596,6.80000019073486e-06,6.74832351228346e-05,0.0015935,776.190024832619,6.19999999999999,39.8,0.0336899624502301
6.94717876456008e-06,6.89432250987195e-05,0.00165032936773132,6.80000019073486e-06,6.75106234494464e-05,0.0015935,835.82092371987,6.60000000000002,39.8,0.0295268027372616
6.98471852176109e-06,6.93437528257577e-05,0.00166154072071115,6.80000019073486e-06,6.74909110085982e-05,0.00159355731334999,855.443991049516,6.60000000000002,40,0.0416945985292959
6.97236211928126e-06,6.92021070907961e-05,0.0016556349650762,6.80000019073486e-06,6.74630777457743e-05,0.00159362450831204,752.59527135252,7.19999999999999,39.8,0.0445065187135617
6.98245630055417e-06,6.92739916132811e-05,0.00165750130983929,6.80000019073486e-06,6.74598168994031e-05,0.00159397749581771,694.457301905597,6.60000000000002,39.8,0.0305715543654135
6.95341901915217e-06,6.89819080054021e-05,0.00164959798215473,6.80000019073486e-06,6.75155298525187e-05,0.00159501638542805,788.272140980184,6.39999999999998,39.8,0.040695260955631
6.94145473309836e-06,6.89188401091549e-05,0.00164692311015868,6.80000019073486e-06,6.75712428056343e-05,0.00159605527503839,850.264260710999,6.19999999999999,39.8,0.039609596555051
6.92898002167333e-06,6.88518303319591e-05,0.00164670988661261,6.80000019073486e-06,6.75989473123751e-05,0.00159633027522936,753.068438692406,6.19999999999999,39.8,0.0414934419928408
6.9047292922661e-06,6.86396185665701e-05,0.00163748823916354,6.80000019073486e-06,6.7616568778421e-05,0.00159633027522936,678.388139884768,7.19999999999999,39.8,0.0401278830975
6.94451937441745e-06,6.90532278020609e-05,0.00165366306339438,6.80000019073486e-06,6.7626158037247e-05,0.00159633048613308,784.88849233642,6.60000000000002,39.8,0.0454532159524243
6.94898303590064e-06,6.91075775266547e-05,0.00165487795117611,6.80000019073486e-06,6.75982636623801e-05,0.00159633168125417,782.441198939285,5.60000000000002,39.8,0.0343569579140682
6.94591799317726e-06,6.90494149736885e-05,0.00165140894211553,6.80000019073486e-06,6.75703692875133e-05,0.00159633287637527,788.509060652872,6.60000000000002,39.8,0.018211687719577
6.91843314883309e-06,6.87477120776699e-05,0.00164193565197928,6.80000019073486e-06,6.75536622485745e-05,0.00159633333333333,685.081147701085,7.60000000000002,39.8,0.0390268388306706
6.91276614188627e-06,6.86742051482669e-05,0.00164060981924389,6.80000019073486e-06,6.75438807033056e-05,0.00159633333333333,765.455003722729,6.80000000000001,39.8,0.0399937963729858
6.95393501081044e-06,6.90731312516899e-05,0.00165496190788441,6.80000019073486e-06,6.75347896200555e-05,0.00159631800766284,796.786697924344,6.19999999999999,40,0.0471345028818067
6.92169917572544e-06,6.87436202965551e-05,0.00164216519516593,6.80000019073486e-06,6.75367459291078e-05,0.00159605747126437,778.494587025455,6.19999999999999,39.8,0.0362324012145586
6.89394257158307e-06,6.84697450662896e-05,0.00163454876502152,6.80000019073486e-06,6.75387022381601e-05,0.0015957969348659,748.293321599075,7,39.8,0.0469194591306684
6.90164051615769e-06,6.85481807909467e-05,0.00163512008317075,6.80000019073486e-06,6.75269643838755e-05,0.00159566666666667,812.705618017181,6.60000000000002,39.8,0.0329662393408744
6.88712154634761e-06,6.83922674116576e-05,0.00163086487053683,6.80000019073486e-06,6.7501532366254e-05,0.00159566666666667,757.39977021678,6.80000000000001,39.8,0.0378109870049528
6.94392808729914e-06,6.89308022177555e-05,0.00165120195645941,6.80000019073486e-06,6.74761003486325e-05,0.00159566666666667,719.855584711371,6.39999999999998,39.8,0.037685792747172
6.94626038249399e-06,6.89279921631401e-05,0.001652438664214,6.80000019073486e-06,6.74709218835165e-05,0.00159566666666667,770.813678518586,7.19999999999999,39.8,0.0288755241855711
6.92672365156567e-06,6.87284033532646e-05,0.00164232170697435,6.80000019073486e-06,6.7467009265432e-05,0.00159566666666667,788.309420239837,6.80000000000001,39.8,0.0408356827453594
6.9694749598207e-06,6.91485734325401e-05,0.00165980690646685,6.80000019073486e-06,6.74653406488959e-05,0.0015961398467433,742.512315220086,6.80000000000001,39.8,0.0315755540076527
6.98114491850441e-06,6.92625921753455e-05,0.00166476244713575,6.80000019073486e-06,6.74672969579377e-05,0.00159737739463602,750.3024383006,5.80000000000001,39.8,0.0390692345018162
6.91872101776485e-06,6.86451714070846e-05,0.00164367978953248,6.80000019073486e-06,6.74692532669796e-05,0.00159861494252874,744.503215589846,6.60000000000002,39.8,0.0405227138622672
6.91010698207023e-06,6.85616949978852e-05,0.00164281854422916,6.80000019073486e-06,6.75034311368526e-05,0.00159883333333333,764.532355996479,7,39.8,0.0361543189971782
6.93217632277408e-06,6.88148753264124e-05,0.00164975159393567,6.80000019073486e-06,6.75445136269037e-05,0.00159883333333333,675.037066025559,7,39.8,0.0427721753436804
6.92433042523733e-06,6.87787248166108e-05,0.00164867961144352,6.80000019073486e-06,6.75845604240034e-05,0.00159898850574713,752.37904251264,5.80000000000001,39.8,0.036765517858084
6.93462069784004e-06,6.89217332976596e-05,0.00165527279041214,6.80000019073486e-06,6.76217302962385e-05,0.00159957471264368,781.173526948801,5.19999999999999,39.8,0.0333689431960153
6.91143511715729e-06,6.87292585394665e-05,0.00164417718227396,6.80000019073486e-06,6.76589001684736e-05,0.00160016091954023,747.145947284831,7.19999999999999,39.8,0.0372626832247082
6.93212348611285e-06,6.89727714518163e-05,0.00165275341102569,6.80000019073486e-06,6.77043555852743e-05,0.00160033333333333,801.599243981969,6.80000000000001,39.8,0.0428611944614975
6.92729692286573e-06,6.89709239649943e-05,0.00164850647187446,6.80000019073486e-06,6.77532633123107e-05,0.00160033333333333,786.627774466625,6.19999999999999,39.8,0.0383696210567298
6.9378639110449e-06,6.91258893563379e-05,0.00165584646290028,6.80000019073486e-06,6.77958418040881e-05,0.00160031417624521,754.797455287996,7.39999999999998,39.8,0.0457932594602077
6.94050444557181e-06,6.91957657141682e-05,0.00165651091704601,6.80000019073486e-06,6.78017107313639e-05,0.00160018390804598,775.479547131078,7.19999999999999,39.8,0.0353795231885465
6.9386138203775e-06,6.91836673768441e-05,0.00165445628094541,6.80000019073486e-06,6.78075796586397e-05,0.00160005363984674,788.866093003776,6.39999999999998,39.8,0.0462286517295729
6.92439874181333e-06,6.90479351824906e-05,0.00164763548036474,6.80000019073486e-06,6.78088455056988e-05,0.0016,796.495057557809,6,39.8,0.0378795510867271
6.91379290485189e-06,6.89435508052573e-05,0.00164463707272483,6.80000019073486e-06,6.78068891966061e-05,0.0016,699.858202414694,8,39.8,0.0442591113520768
6.93096481039804e-06,6.91128533806219e-05,0.00165190586887201,6.80000019073486e-06,6.78053931955357e-05,0.0016,775.146597657899,6.39999999999998,39.8,0.0360440049285144
6.88208673796789e-06,6.86239279390575e-05,0.0016323873143644,6.80000019073486e-06,6.78190873592001e-05,0.0016,821.478230103288,6,39.8,0.0365725961990122
6.91300578011914e-06,6.89459094580607e-05,0.00164524817658786,6.80000019073486e-06,6.78327815228646e-05,0.0016,788.80679881324,6.39999999999998,39.8,0.0417237352154555
6.92956021885038e-06,6.9124930589704e-05,0.00164886661511038,6.80000019073486e-06,6.78418726063088e-05,0.00160042911877395,673.57391409303,5.19999999999999,39.8,0.0441467684905315
6.92861807468142e-06,6.91248836516873e-05,0.0016520589342535,6.80000019073486e-06,6.78457852245054e-05,0.00160134099616858,732.142379880963,6.60000000000002,39.8,0.0459598792636214
6.9391331477689e-06,6.92338758023707e-05,0.00166023134643342,6.80000019073486e-06,6.7849697842702e-05,0.00160225287356322,797.092626373065,7,39.8,0.0386690752061915
6.89319805249541e-06,6.87795617102444e-05,0.00164028482092219,6.80000019073486e-06,6.785182676731e-05,0.00160233333333333,846.429666840905,5.19999999999999,39.8,0.0367844545852516
6.94029029256886e-06,6.9251625763791e-05,0.00165749955615209,6.80000019073486e-06,6.78537830764094e-05,0.00160233333333333,742.582809983385,5.60000000000002,39.8,0.0366514041739849
6.94266518662919e-06,6.92773233735415e-05,0.00165840046640573,6.80000019073486e-06,6.78446919929751e-05,0.00160231034482759,794.859418986287,6,39.8,0.0417720561950448
6.9405729444795e-06,6.92473959772364e-05,0.00165617549573673,6.80000019073486e-06,6.78153473565626e-05,0.00160224521072797,766.154961673029,6.19999999999999,39.8,0.0312029486897013
6.92239767677264e-06,6.90365299952405e-05,0.00164934537004948,6.80000019073486e-06,6.778600272015e-05,0.00160218007662835,766.007559289389,6.19999999999999,39.8,0.0275968029029221
6.91170233805758e-06,6.88999994889361e-05,0.00164625512307847,6.80000019073486e-06,6.77659793212502e-05,0.00160227011494253,663.370472802024,7.60000000000002,39.8,0.0411276982430854
6.93952583555681e-06,6.91568547361234e-05,0.00165600651023405,6.80000019073486e-06,6.77483725394835e-05,0.00160240038314176,790.469572585755,5.80000000000001,39.8,0.0432377018613892
6.92895134976434e-06,6.90334540831478e-05,0.00165243137332451,6.80000019073486e-06,6.77289245256617e-05,0.0016025,761.054107888274,6,39.8,0.0488849028270583
6.99269364641013e-06,6.96487380952769e-05,0.00167809007072601,6.80000019073486e-06,6.77034925076611e-05,0.0016025,818.359555804047,7.39999999999998,39.8,0.0361757542219737
6.9596961895399e-06,6.92940991262345e-05,0.00166195569499258,6.80000019073486e-06,6.76780604896605e-05,0.0016025,772.109066643786,5.60000000000002,39.8,0.0365808618152142
6.93468366478196e-06,6.90190342544797e-05,0.00165413066566962,6.80000019073486e-06,6.76671857127403e-05,0.00160223563218391,770.647690682478,6.60000000000002,39.8,0.0461787079434851
6.90902685877976e-06,6.87522987042179e-05,0.00164532463550548,6.80000019073486e-06,6.76632730945975e-05,0.00160184482758621,739.687977582626,6.80000000000001,39.8,0.0369033707930985
6.94457781085259e-06,6.91019769710555e-05,0.00165761215583043,6.80000019073486e-06,6.76616620165409e-05,0.00160156130268199,820.53250221757,6.60000000000002,39.8,0.0436340652059132
6.9158705623222e-06,6.88146294059397e-05,0.00164688756318616,6.80000019073486e-06,6.76773124891297e-05,0.00160208237547893,883.294069248421,5.80000000000001,39.8,0.0351761744704638
6.9353202966331e-06,6.90237811447595e-05,0.00165693017767985,6.80000019073486e-06,6.76929629617185e-05,0.00160260344827586,815.433920108882,5.60000000000002,39.8,0.0409607975791023
6.95090035354475e-06,6.91947969602946e-05,0.001658850265794,6.80000019073486e-06,6.77115880518359e-05,0.00160254187283266,819.50421101221,6.80000000000001,39.8,0.0431479918360615
6.99180708212789e-06,6.96209865801514e-05,0.00167407523065455,6.80000019073486e-06,6.77325615242127e-05,0.00160202031193673,840.925353381103,6,39.8,0.0401009432311323
6.96674323871309e-06,6.9392907035647e-05,0.00166544386546233,6.80000019073486e-06,6.77535349965894e-05,0.0016014987510408,818.5190617423,5.19999999999999,39.8,0.0350682797171491
6.93760612949452e-06,6.91241720056929e-05,0.00165333105677575,6.80000019073486e-06,6.77599498513583e-05,0.00160234598243482,789.2609236245,7,39.8,0.0335618806943967
6.90704579372767e-06,6.88265192898092e-05,0.00164623830927232,6.80000019073486e-06,6.77663647061271e-05,0.00160319321382883,777.94748724963,4.39999999999998,39.8,0.0432399653343998
6.91940097046295e-06,6.89561555826602e-05,0.00165226955249212,6.80000019073486e-06,6.7767360245296e-05,0.00160375287356322,776.26956130745,6.80000000000001,39.8,0.0350795941038309
6.95141882178669e-06,6.9276341546639e-05,0.00166143813246479,6.80000019073486e-06,6.77614913180382e-05,0.00160394827586207,754.046705190052,5.80000000000001,39.8,0.0493618215399617
6.95279539712127e-06,6.92842154087142e-05,0.00166065370184769,6.80000019073486e-06,6.77556223907803e-05,0.00160414367816092,762.210175165558,6.39999999999998,39.8,0.0307588137996059
6.93526419569665e-06,6.91035205988447e-05,0.00165613007184969,6.80000019073486e-06,6.775493192875e-05,0.00160433908045977,811.935131536974,5.80000000000001,39.8,0.0454642790538418
6.92116358045602e-06,6.89622135205049e-05,0.00165345463083702,6.80000019073486e-06,6.775493192875e-05,0.00160453448275862,800.798649538758,6.39999999999998,39.8,0.0281472591354894
6.94929719359389e-06,6.92425216482314e-05,0.00166423024209596,6.80000019073486e-06,6.77498685405382e-05,0.00160460344827586,775.054792821968,5.60000000000002,39.8,0.0371607329486209
6.93534702503901e-06,6.90984590300864e-05,0.00165892764633801,6.80000019073486e-06,6.77342180678836e-05,0.00160440804597701,797.095988395857,5.39999999999998,39.8,0.029686312067426
6.93502245646627e-06,6.90794759854913e-05,0.00165767174576478,6.80000019073486e-06,6.77185675952289e-05,0.00160421264367816,752.058293448258,6.39999999999998,39.8,0.0370788100252945
6.91353423699895e-06,6.88494756018962e-05,0.00165150506557174,6.80000019073486e-06,6.76969331183926e-05,0.00160391762452107,832.230288250454,6.19999999999999,39.8,0.0414976915113972
6.95654867816827e-06,6.92559448910369e-05,0.00166742922915149,6.80000019073486e-06,6.76734574095004e-05,0.00160359195402299,840.420998224656,6,39.8,0.0358026392879607
6.96585014331338e-06,6.93245771971051e-05,0.00166967481951454,6.80000019073486e-06,6.76499817006304e-05,0.00160333333333333,792.288596364885,5.19999999999999,40,0.0407467789980533
6.94797985596935e-06,6.91226846033762e-05,0.00166037575900751,6.80000019073486e-06,6.76265059918459e-05,0.00160333333333333,790.060574773612,6.80000000000001,39.8,0.0423494944145963
6.93573211985957e-06,6.89768489004302e-05,0.00165716574718104,6.80000019073486e-06,6.76030302830613e-05,0.00160333333333333,769.638563819275,6.60000000000002,40,0.0394486394418379
6.93211837494454e-06,6.89169645399996e-05,0.00165458152165128,6.80000019073486e-06,6.75909471976684e-05,0.00160367049808429,792.62353197882,5.80000000000001,39.8,0.0373266998232069
6.90950534467303e-06,6.86796133748331e-05,0.0016502614033879,6.80000019073486e-06,6.75850782704891e-05,0.00160419157088123,737.440591635848,6.19999999999999,39.8,0.0386318042236695
6.92948569625762e-06,6.88721478960744e-05,0.00165813384056443,6.80000019073486e-06,6.75762748797353e-05,0.00160462068965517,781.095145771371,5.60000000000002,39.8,0.034602447869391
6.91062925534063e-06,6.86758169861932e-05,0.00165051583636419,6.80000019073486e-06,6.75371486987119e-05,0.00160409961685824,771.098922988615,6.80000000000001,39.8,0.0532973213668145
6.95479664658794e-06,6.90754707066623e-05,0.00166614369680689,6.80000019073486e-06,6.74980225176884e-05,0.0016035785440613,709.705959517004,7,39.8,0.0356471247124269
6.93502467992068e-06,6.88390941005668e-05,0.00165807616060272,6.80000019073486e-06,6.74920385135129e-05,0.00160316091954023,794.138092600662,6.39999999999998,39.8,0.0329821827004996
6.93457031835379e-06,6.8827821168347e-05,0.00165861588592713,6.80000019073486e-06,6.75155142220911e-05,0.00160283524904215,688.967905066487,7,39.8,0.0365576701736944
6.92860939095467e-06,6.87920015352134e-05,0.00165610038102309,6.80000019073486e-06,6.75389899306693e-05,0.00160250957854406,749.438974606372,5.80000000000001,39.8,0.0493906791900894
6.94867815017386e-06,6.9015167015689e-05,0.00166086728216923,6.80000019073486e-06,6.75624656393519e-05,0.00160281609195402,775.775296764139,5.19999999999999,39.8,0.0337372648671173
6.91895258274326e-06,6.87439161287763e-05,0.00164920470039854,6.80000019073486e-06,6.75859413480378e-05,0.00160314176245211,802.383919119698,7,40,0.0376243944589239
6.89934732373624e-06,6.85730143040969e-05,0.00164294218018108,6.80000019073486e-06,6.76102225957972e-05,0.00160333333333333,833.575185598832,5.80000000000001,39.8,0.0356203983161028
6.95015176603283e-06,6.9102587835226e-05,0.00166276388889152,6.80000019073486e-06,6.76356546136617e-05,0.00160333333333333,759.317792764883,7.39999999999998,39.8,0.0438341601571866
6.95081165085341e-06,6.91351128298596e-05,0.00166269619591178,6.80000019073486e-06,6.76610866315261e-05,0.00160333333333333,735.767901470115,7,39.8,0.0287957913845387
6.97702800284538e-06,6.94218648512583e-05,0.00167543212623882,6.80000019073486e-06,6.76564835513569e-05,0.00160305555555556,781.083896632183,7.19999999999999,39.8,0.0522939301242122
6.94624902699702e-06,6.91116686160441e-05,0.00166017835317324,6.80000019073486e-06,6.76467020060095e-05,0.00160272988505747,769.659681658677,6.60000000000002,39.8,0.0469510614643515
6.95103791364726e-06,6.91494510456529e-05,0.00166310769745669,6.80000019073486e-06,6.76392220007444e-05,0.0016025,789.605141541375,6.39999999999998,39.8,0.0356764390074175
6.98000938731916e-06,6.94299671069587e-05,0.00167378988941552,6.80000019073486e-06,6.76372656916772e-05,0.0016025,803.706872032503,5.39999999999998,39.8,0.0390174717442294
6.95339739787345e-06,6.9163103617523e-05,0.00166109939464404,6.80000019073486e-06,6.76353093826099e-05,0.0016025,767.693648060243,7.19999999999999,39.8,0.03601057709521
6.94146385873775e-06,6.90424008759266e-05,0.00165754561762292,6.80000019073486e-06,6.76189684480845e-05,0.00160192528735632,776.917265406778,6.19999999999999,39.8,0.0267653367667589
6.94183445099149e-06,6.90297051534629e-05,0.00165887425058394,6.80000019073486e-06,6.75974490483942e-05,0.00160114367816092,832.405289415375,5.60000000000002,39.8,0.0394720499253931
6.93313342318658e-06,6.89213278944183e-05,0.00165383186210915,6.80000019073486e-06,6.75804176518466e-05,0.0016005,777.674295674573,6.39999999999998,39.8,0.0357310122965888
6.91059885992499e-06,6.86798638443065e-05,0.00164631505454332,6.80000019073486e-06,6.75843302699654e-05,0.0016005,765.046356879513,5.80000000000001,39.8,0.0340346801595229
6.92591361159354e-06,6.88357003430995e-05,0.00165009264427585,6.80000019073486e-06,6.75882428880842e-05,0.0016005,818.454556926575,5.19999999999999,39.8,0.0290494317930415
6.91588395824901e-06,6.87399956737211e-05,0.00164807699929382,6.80000019073486e-06,6.75740308781857e-05,0.0016005,802.13454736511,6,39.8,0.0370283127160115
6.9124879988648e-06,6.86920964054385e-05,0.00164721659394192,6.80000019073486e-06,6.7548598860467e-05,0.0016005,781.775600839387,5.80000000000001,39.8,0.0402804361922328
6.89953274523264e-06,6.85376927771817e-05,0.00164084329191918,6.80000019073486e-06,6.7522936688751e-05,0.00160051149425287,835.29677659744,4.80000000000001,39.8,0.0405282236820403
6.90938591401721e-06,6.86095385462051e-05,0.00164871049855836,6.80000019073486e-06,6.74935920530787e-05,0.00160070689655172,744.583773849575,7.60000000000002,39.8,0.0399441270236309
6.90545824816946e-06,6.85407804351734e-05,0.00164407518077085,6.80000019073486e-06,6.74642474174064e-05,0.00160090229885057,771.91039824556,4.60000000000002,39.8,0.0375704744146429
6.92416955435157e-06,6.869670220644e-05,0.00165045028209485,6.80000019073486e-06,6.74417498634253e-05,0.001601,865.702278239948,5,39.8,0.048277882603359
6.92331146158727e-06,6.86651568851557e-05,0.00165024401730863,6.80000019073486e-06,6.74260993911355e-05,0.001601,831.899064425794,5.80000000000001,39.8,0.0263882983058865
6.93675072304978e-06,6.87823863078272e-05,0.00165468608514767,6.80000019073486e-06,6.74104489188457e-05,0.001601,809.818466796555,6,39.8,0.0407377037597841
6.9085441895945e-06,6.8486733127265e-05,0.00164608183362344,6.80000019073486e-06,6.7404004606738e-05,0.00160124521072797,826.163538266118,5,39.8,0.0363751867348605
6.9504225251243e-06,6.88951920391388e-05,0.00166122048758655,6.80000019073486e-06,6.73981356796416e-05,0.00160150574712644,813.261223263616,6.19999999999999,39.8,0.0440117445840175
6.96217856574109e-06,6.90057084926987e-05,0.00166459999245443,6.80000019073486e-06,6.7415454768526e-05,0.00160159195402299,754.082293080738,5.60000000000002,39.8,0.0453311405495972
6.95704710561231e-06,6.89720269715196e-05,0.00166214931028396,6.80000019073486e-06,6.74702314216868e-05,0.00160139655172414,731.897099592472,6.80000000000001,39.8,0.0319442013776428
6.93546864458163e-06,6.88132629853184e-05,0.00165788038014029,6.80000019073486e-06,6.75250080748476e-05,0.00160120114942529,732.873835924233,7.19999999999999,39.8,0.0489881402146354
6.92721962864153e-06,6.8787270956586e-05,0.00165251650433124,6.80000019073486e-06,6.75769887235419e-05,0.00160202593316908,740.69935016341,5.60000000000002,39.8,0.0338092845154053
6.92413372944425e-06,6.88096344053242e-05,0.00165380850923801,6.80000019073486e-06,6.76283702284219e-05,0.00160306932820773,851.595205737075,6.19999999999999,39.8,0.0315823239591759
6.92914788277517e-06,6.89117951044892e-05,0.00165572911845055,6.80000019073486e-06,6.76596680364367e-05,0.00160371528035783,786.575338933161,6.60000000000002,39.8,0.0385942442760609
6.92122231269117e-06,6.8865246871195e-05,0.00165468246900571,6.80000019073486e-06,6.76351777976035e-05,0.00160325722448418,821.72457838857,5.80000000000001,39.8,0.0328720812559818
6.9365860212559e-06,6.89941887515922e-05,0.00165973797431293,6.80000019073486e-06,6.76106875587704e-05,0.00160279916861053,780.457225107953,6.39999999999998,39.8,0.0358221278557091
6.93643050551919e-06,6.89676805897549e-05,0.0016598678930968,6.80000019073486e-06,6.76076238700652e-05,0.00160266444629475,696.074017082217,7.39999999999998,39.8,0.0398536291871234
6.91619241325835e-06,6.87629022345838e-05,0.00164842652435063,6.80000019073486e-06,6.76134879105799e-05,0.00160266444629475,687.321790375605,6.60000000000002,39.8,0.0354363856578362
6.90343129352256e-06,6.86418315979781e-05,0.00164647608886075,6.80000019073486e-06,6.76223034106267e-05,0.0016026741524464,783.051695574573,7,39.8,0.0421509983214872
6.93987850095718e-06,6.90131339999742e-05,0.0016617786088792,6.80000019073486e-06,6.76482373759591e-05,0.00160274015427757,770.723218623913,6.60000000000002,39.8,0.0385351066728914
6.88656502358376e-06,6.85090752722223e-05,0.00163855157037567,6.80000019073486e-06,6.76741713412915e-05,0.00160280615610873,710.718041147882,7.19999999999999,39.8,0.0446452076475242
6.92942853660344e-06,6.89617532139818e-05,0.0016560610194139,6.80000019073486e-06,6.7696675563831e-05,0.00160379252985406,781.541615917081,5.80000000000001,39.8,0.0350749459047323
6.91532482924106e-06,6.88443877046152e-05,0.00165337494083649,6.80000019073486e-06,6.77167789664155e-05,0.0016054231639393,818.280595729987,6.80000000000001,39.8,0.0357954894804698
6.96040622744748e-06,6.93136750854393e-05,0.00166860123673164,6.80000019073486e-06,6.77365214384172e-05,0.0016070058381985,780.430984479361,5.19999999999999,39.8,0.0320058427766591
6.96065718847144e-06,6.93363888279674e-05,0.00166852367411426,6.80000019073486e-06,6.77443532011865e-05,0.0016070058381985,819.581105397646,6,39.8,0.0328670582710071
6.93069392596287e-06,6.90462175794751e-05,0.00165652282629245,6.80000019073486e-06,6.77521849639559e-05,0.0016070058381985,778.499284812785,5.60000000000002,39.8,0.0391902959243172
6.92433687761763e-06,6.89908744844177e-05,0.0016559927105627,6.80000019073486e-06,6.77450264632086e-05,0.00160623848098192,719.414886635592,6.80000000000001,39.8,0.0398936940759094
6.94025679267839e-06,6.9142478059126e-05,0.00166437759603744,6.80000019073486e-06,6.77210039160049e-05,0.00160460784689668,844.469124645161,5.60000000000002,39.8,0.0396706523944226
6.93636499428872e-06,6.90795416069599e-05,0.00165993879313595,6.80000019073486e-06,6.76969813688012e-05,0.00160297721281144,824.80889058326,5.60000000000002,39.8,0.0306115057404438
6.95664183007047e-06,6.92569818374582e-05,0.00166442842300643,6.80000019073486e-06,6.76823758773159e-05,0.00160283333333333,779.469784566203,7,39.8,0.0380477898251128
6.91418205124968e-06,6.88191155906729e-05,0.00164678004607956,6.80000019073486e-06,6.76686817138033e-05,0.00160283333333333,788.693579802953,5.80000000000001,39.8,0.0350600373658593
6.93274842865077e-06,6.89899683478371e-05,0.00165565407796166,6.80000019073486e-06,6.76542970882807e-05,0.00160324712643678,795.056507620258,6.80000000000001,39.8,0.0377118812916017
6.93223004118355e-06,6.89701580763116e-05,0.00165686359772762,6.80000019073486e-06,6.76386466157397e-05,0.00160441954022988,717.034850568716,7,39.8,0.0414034437591426
6.92859760962877e-06,6.89180883331418e-05,0.00165400077704977,6.80000019073486e-06,6.76229961431988e-05,0.00160559195402299,790.293361279454,5.80000000000001,39.8,0.0426915285057156
6.90881385163754e-06,6.87053550730235e-05,0.00164847208477587,6.80000019073486e-06,6.76088992102427e-05,0.00160619540229885,772.237770765662,6.80000000000001,39.8,0.0364501404880931
6.87238559848201e-06,6.83287427677869e-05,0.00163773285865024,6.80000019073486e-06,6.75952050468086e-05,0.00160665134099617,788.049275451199,7,39.8,0.033641026373274
6.93733370619995e-06,6.89606445026044e-05,0.00166547330692172,6.80000019073486e-06,6.75833521154355e-05,0.001607,704.431721773257,6.39999999999998,39.8,0.0457211425041663
6.89997342087209e-06,6.85771371451378e-05,0.00164860191403989,6.80000019073486e-06,6.75774831882607e-05,0.001607,755.187886760145,7.80000000000001,39.8,0.0353964152163071
6.93957626611441e-06,6.89646954396195e-05,0.00166338674417748,6.80000019073486e-06,6.75716142610859e-05,0.001607,758.703598189261,6.19999999999999,39.8,0.0367534813786354
6.94108782278997e-06,6.89737266094275e-05,0.00166396774020513,6.80000019073486e-06,6.75935364303072e-05,0.001606030651341,814.024639522912,5.60000000000002,39.8,0.0469606701352233
6.92598397626207e-06,6.88454397921467e-05,0.00165759784088071,6.80000019073486e-06,6.7628749993457e-05,0.00160459770114943,755.467970752289,6.19999999999999,39.8,0.0428886692295444
6.90304177194744e-06,6.86530005547883e-05,0.00164817290029402,6.80000019073486e-06,6.76632730946061e-05,0.00160333333333333,765.7504015754,6.80000000000001,39.8,0.0320920622487981
6.91822936240258e-06,6.88391007451182e-05,0.00165349410977743,6.80000019073486e-06,6.76926177307494e-05,0.00160333333333333,788.654574221842,5.60000000000002,39.8,0.0305802500382891
6.88955861341727e-06,6.85837592293404e-05,0.00164208828252373,6.80000019073486e-06,6.77219623668927e-05,0.00160333333333333,732.997388228475,6.80000000000001,39.8,0.0335779928114342
6.94498391778995e-06,6.91652375585942e-05,0.00166227248365546,6.80000019073486e-06,6.77534934662349e-05,0.00160336973180077,827.199822234462,5.60000000000002,39.8,0.04584204309115
6.90418401997486e-06,6.87910623626423e-05,0.00164372422851906,6.80000019073486e-06,6.77867507207341e-05,0.00160343486590038,807.125112409031,6.60000000000002,39.8,0.0317878816318978
6.92648334362708e-06,6.90469880541046e-05,0.00165537335350581,6.80000019073486e-06,6.78200079752333e-05,0.0016035,720.45376558186,6,39.8,0.0427889243297222
6.94630976460535e-06,6.9278502119817e-05,0.00166213830715864,6.80000019073486e-06,6.78258769025203e-05,0.0016035,726.249087116017,6.60000000000002,40,0.0346414577546081
6.95164409414147e-06,6.93382860578308e-05,0.0016619947246155,6.80000019073486e-06,6.78317458298073e-05,0.0016035,784.960830635928,6.19999999999999,39.8,0.0360321553259881
6.98183136296386e-06,6.9645397631238e-05,0.00167135104475864,6.80000019073486e-06,6.78419301448199e-05,0.00160352873563218,834.76674761526,4.60000000000002,39.8,0.0355464247827769
6.95418824037483e-06,6.93799919324655e-05,0.00166214511574534,6.80000019073486e-06,6.78575806176182e-05,0.0016035938697318,801.947526689955,5.60000000000002,39.8,0.0474052341177512
6.9457492865479e-06,6.93116786003221e-05,0.00165966138187673,6.80000019073486e-06,6.78732310904164e-05,0.00160365900383142,704.923170463031,7,40,0.0314902026993783
6.9636716051701e-06,6.95065092300934e-05,0.00166764615439287,6.80000019073486e-06,6.78698938572413e-05,0.00160366666666667,760.46623874448,6,39.8,0.0305846125068804
6.94855491302502e-06,6.93526634020269e-05,0.0016636011752312,6.80000019073486e-06,6.78640249299363e-05,0.00160366666666667,698.684346889307,6.39999999999998,40,0.0404945807683233
6.92546548543068e-06,6.91162784503575e-05,0.00165424464714782,6.80000019073486e-06,6.78619535438286e-05,0.00160351915708812,804.533152809605,6.19999999999999,40,0.0435577332792632
6.93092135794971e-06,6.91685493051249e-05,0.00165326749568038,6.80000019073486e-06,6.78678224711336e-05,0.0016030632183908,748.745584161973,6.80000000000001,39.8,0.0328611044511354
6.97500436904708e-06,6.96143125135155e-05,0.00167454735521263,6.80000019073486e-06,6.78736913984386e-05,0.00160260727969349,835.322643807063,5.39999999999998,39.8,0.0393033819563871
6.92425614931301e-06,6.91138330061646e-05,0.00165100027468582,6.80000019073486e-06,6.78874984280086e-05,0.00160334807262757,803.787996624286,6.39999999999998,39.8,0.0381283048263511
6.98256846636084e-06,6.97097870669246e-05,0.00167250652278106,6.80000019073486e-06,6.79037479505832e-05,0.00160445709067901,744.42277889781,5.60000000000002,39.8,0.0349369457539085
6.94902652552591e-06,6.9391537739641e-05,0.0016605663064087,6.80000019073486e-06,6.79048483333638e-05,0.00160529719370229,754.505428492613,6.60000000000002,39.8,0.0336151849581419
6.95170064148523e-06,6.94196975737137e-05,0.00166412755715121,6.80000019073486e-06,6.78475163197958e-05,0.00160510005304548,745.967294307163,6.80000000000001,39.8,0.0217825695988847
6.943017446157e-06,6.92756869403745e-05,0.00166044816163387,6.80000019073486e-06,6.77901843062278e-05,0.00160490291238868,717.076516253049,7.19999999999999,39.8,0.0360081638017544
6.9693276772478e-06,6.94796915035003e-05,0.00167027789072025,6.80000019073486e-06,6.77610885485272e-05,0.00160424329501916,745.57548658478,6,39.8,0.0493554555658732
6.96793024851842e-06,6.94352426634295e-05,0.00167140180400485,6.80000019073486e-06,6.77473943849361e-05,0.00160333141762452,783.545592603889,6.80000000000001,39.8,0.0433838935508245
6.96970684753672e-06,6.94385167808788e-05,0.001676017069072,6.80000019073486e-06,6.77361168384493e-05,0.0016025,754.48103814942,6,39.8,0.0397771641147701
6.97010259349512e-06,6.94308306631363e-05,0.00166856779235295,6.80000019073486e-06,6.77498110020404e-05,0.0016025,758.178130855011,7.19999999999999,39.8,0.030931371602423
6.93874456848841e-06,6.91318763688054e-05,0.00165369365626348,6.80000019073486e-06,6.77635051656316e-05,0.0016025,804.96227058242,6.39999999999998,39.8,0.0273575210860237
6.9605227182621e-06,6.93628180410209e-05,0.00166467025693038,6.80000019073486e-06,6.77740922500973e-05,0.00160260344827586,780.403611080465,6.19999999999999,39.8,0.0293905544089271
6.93364815065836e-06,6.9105917387512e-05,0.00165367057174264,6.80000019073486e-06,6.77819174864515e-05,0.00160279885057471,682.308155130776,6.80000000000001,39.8,0.0277403973761316
6.90960926077744e-06,6.88743633641047e-05,0.00164620125067466,6.80000019073486e-06,6.77897427228058e-05,0.00160299425287356,726.362431517102,5.60000000000002,39.8,0.0183508706723018
6.90468063531324e-06,6.88331879749033e-05,0.00164274645540547,6.80000019073486e-06,6.78317458299149e-05,0.00160312643678161,718.568343651631,6.60000000000002,39.8,0.0422423485854042
6.94696278081299e-06,6.92968249729516e-05,0.00166267896617027,6.80000019073486e-06,6.78747846300773e-05,0.00160325670498084,813.583021144661,6.39999999999998,39.8,0.0355454485631906
6.90732526273821e-06,6.89453656831911e-05,0.00164476872917234,6.80000019073486e-06,6.78968794151762e-05,0.00160325287356322,795.201725730479,7.39999999999998,39.8,0.0449787546005578
6.95836124330864e-06,6.94775579360753e-05,0.00166448015747691,6.80000019073486e-06,6.78890541787562e-05,0.00160305747126437,741.718926435614,6.80000000000001,39.8,0.0315439170925454
6.95261025249623e-06,6.94128288200698e-05,0.00166215246475787,6.80000019073486e-06,6.78812289423361e-05,0.00160286206896552,754.607465473928,6.60000000000002,39.8,0.0471915526366554
6.91476365082247e-06,6.90269937875609e-05,0.00164752714501768,6.80000019073486e-06,6.7861238294902e-05,0.00160255500046258,835.558697269909,6,39.8,0.0321240357552982
6.91865653626136e-06,6.90457315385052e-05,0.00165114403719336,6.80000019073486e-06,6.78391501628104e-05,0.00160222867916583,798.530411714693,5.80000000000001,39.8,0.030897704164106
6.89420997433763e-06,6.877933029646e-05,0.00164181345382787,6.80000019073486e-06,6.78201091045085e-05,0.00160209404040694,717.324899652231,7,39.8,0.0299104338315246
6.94919304239978e-06,6.93085152396172e-05,0.0016583393330286,6.80000019073486e-06,6.78083810233018e-05,0.00160241943973891,768.844482266142,7.39999999999998,39.8,0.0392190472760486
6.96974472846438e-06,6.95013462076458e-05,0.00166775252113625,6.80000019073486e-06,6.77966529420951e-05,0.00160274483907089,798.712081627468,6.19999999999999,39.8,0.0346880633216039
6.90786914231034e-06,6.88723074517768e-05,0.00164290385905369,6.80000019073486e-06,6.78025902244263e-05,0.00160254429578161,746.058132936266,6.80000000000001,39.8,0.039167878089966
6.93735202644664e-06,6.91720049691653e-05,0.001655448274473,6.80000019073486e-06,6.78148870376311e-05,0.00160215441314869,736.706592548947,8,39.8,0.0486355843641988
6.92992916158698e-06,6.91104025863821e-05,0.00165189537013607,6.80000019073486e-06,6.78225972078617e-05,0.00160178735632184,805.607434667345,5.60000000000002,39.8,0.0370787515625954
6.96836216834147e-06,6.95016279427109e-05,0.0016680545792628,6.80000019073486e-06,6.7808903044213e-05,0.00160152681992337,788.243289875097,6.60000000000002,39.8,0.0417302639000904
6.95529172538121e-06,6.93577626188024e-05,0.00166363553383644,6.80000019073486e-06,6.77952088805642e-05,0.0016012662835249,793.295399420464,5.39999999999998,39.8,0.0203142867811868
6.90956111389713e-06,6.88877440036067e-05,0.00164516231074194,6.80000019073486e-06,6.77766814827323e-05,0.00160060344827586,786.966452137864,6.39999999999998,39.8,0.0315991669528739
6.98201912161294e-06,6.9591394936662e-05,0.00167215990719574,6.80000019073486e-06,6.77551620827869e-05,0.00159969157088123,772.688338989595,5.39999999999998,39.8,0.0532964970745657
6.97231452388858e-06,6.94726587843682e-05,0.00166457509853478,6.80000019073486e-06,6.773398791386e-05,0.00159883333333333,782.768713372321,7,39.8,0.0269108028836399
6.96750356911048e-06,6.94030039932764e-05,0.00166021099113602,6.80000019073486e-06,6.77183374412293e-05,0.00159883333333333,759.588235875065,5.19999999999999,39.8,0.0362430817528281
6.98042185697226e-06,6.95155099145757e-05,0.00166776108655659,6.80000019073486e-06,6.77026869685986e-05,0.00159883333333333,796.996785276097,5.60000000000002,39.8,0.0369322758230245
6.94673319848297e-06,6.91639482023621e-05,0.00165096690036151,6.80000019073486e-06,6.76860583414571e-05,0.00159928927203065,795.201482723914,5.39999999999998,40,0.0343603792812154
6.92187851058069e-06,6.88995187637818e-05,0.00164484486072367,6.80000019073486e-06,6.76684515598048e-05,0.00160020114942529,760.226759300974,7,39.8,0.043215244279077
6.92717966064217e-06,6.89343802032868e-05,0.00165036549737674,6.80000019073486e-06,6.76508447781525e-05,0.00160111302681992,764.143201374789,7,39.8,0.0279769395486016
6.934016056417e-06,6.89844756482588e-05,0.00165354096573052,6.80000019073486e-06,6.76571740133799e-05,0.00160177969348659,830.196339450154,6.60000000000002,39.8,0.0223868697179856
6.95800179840967e-06,6.92290852937038e-05,0.00166332033885177,6.80000019073486e-06,6.76649992496624e-05,0.00160243103448276,829.068175745716,5.80000000000001,39.8,0.0374726201375959
6.90838201963716e-06,6.87433512097149e-05,0.0016473715230465,6.80000019073486e-06,6.76773124891268e-05,0.00160283333333333,757.323715261025,5.80000000000001,39.8,0.0368729257737438
6.91284358859082e-06,6.88001851543124e-05,0.00165234846849957,6.80000019073486e-06,6.76968755798853e-05,0.00160283333333333,804.538631909424,6.19999999999999,39.8,0.039853070283668
6.90544443071142e-06,6.87463110460394e-05,0.00164542982066294,6.80000019073486e-06,6.77164386706438e-05,0.00160283333333333,735.529472543703,5.80000000000001,39.8,0.0359145410774117
6.91277396762243e-06,6.88391442722224e-05,0.00165009886030356,6.80000019073486e-06,6.774405715183e-05,0.00160283333333333,808.236220451682,5.80000000000001,39.8,0.0406734917067337
6.94381916398157e-06,6.91762427107364e-05,0.00166026641655696,6.80000019073486e-06,6.77734017881079e-05,0.00160283333333333,796.866896191686,6.39999999999998,39.8,0.0394350691991426
6.94301946029982e-06,6.91981992187577e-05,0.00165838256648133,6.80000019073486e-06,6.78011928848503e-05,0.00160300574712644,796.062216170104,7.19999999999999,39.8,0.0434570357060204
6.93543475437917e-06,6.91510130848011e-05,0.00165456696308146,6.80000019073486e-06,6.78246685939938e-05,0.00160365708812261,783.31967219566,6.19999999999999,39.8,0.0452907469044364
6.98365162049271e-06,6.96557985623362e-05,0.00167349126658757,6.80000019073486e-06,6.78481443031374e-05,0.00160430842911877,709.652634299189,6,39.8,0.0401800480655609
6.93662320933993e-06,6.92108390622814e-05,0.00165870967777169,6.80000019073486e-06,6.78591916956874e-05,0.0016045,826.596173828186,7.19999999999999,39.8,0.0318317524728479
6.93010673261213e-06,6.91573424902545e-05,0.00165331540819657,6.80000019073486e-06,6.78650606229901e-05,0.0016045,798.129323852499,4.80000000000001,39.8,0.0347850759590878
6.94679099537447e-06,6.93299243462441e-05,0.00165827247987819,6.80000019073486e-06,6.78717926278403e-05,0.00160436590038314,804.534894315452,6,39.8,0.0372229505832402
6.94607614925791e-06,6.93296506748078e-05,0.00165972913064257,6.80000019073486e-06,6.7883530482466e-05,0.00160345402298851,822.011048503312,6,40,0.0472018361016657
6.91323251728995e-06,6.90137164286708e-05,0.00164844444522374,6.80000019073486e-06,6.78952683370916e-05,0.00160254214559387,828.355721758359,6,39.8,0.0264674436699364
6.92602219355584e-06,6.91533262347116e-05,0.00165468843001967,6.80000019073486e-06,6.7905855421668e-05,0.00160216666666667,800.834824669481,6.60000000000002,39.8,0.0387525566420343
6.95666133908903e-06,6.94700490089367e-05,0.00165997196921125,6.80000019073486e-06,6.791563696721e-05,0.00160216666666667,790.79787309475,6.39999999999998,39.8,0.0343393684454615
6.93187163209005e-06,6.92325208928868e-05,0.00165440168554554,6.80000019073486e-06,6.79250157432296e-05,0.00160216666666667,741.036224269382,6.60000000000002,39.8,0.0281721669980823
6.97467648037681e-06,6.96696066003574e-05,0.00166981601854196,6.80000019073486e-06,6.79211031250105e-05,0.00160216666666667,825.202724592168,5.60000000000002,39.8,0.0507910649438185
6.96281230818991e-06,6.95474231707901e-05,0.00166419258316056,6.80000019073486e-06,6.79171905067915e-05,0.00160216666666667,716.149003355598,7.19999999999999,40,0.0358485439869046
6.93531459496128e-06,6.92687662373004e-05,0.00165349656444351,6.80000019073486e-06,6.7910516040424e-05,0.00160250383141762,809.248629030476,5.80000000000001,39.8,0.0372395476420328
6.9470880692156e-06,6.9379605254953e-05,0.00165883643648441,6.80000019073486e-06,6.79007344948896e-05,0.00160322030651341,793.937045248333,6.39999999999998,39.8,0.0363458869803148
6.98069097590505e-06,6.9705268311564e-05,0.00166998595322215,6.80000019073486e-06,6.78909529493551e-05,0.0016039367816092,790.921552087038,6.60000000000002,39.8,0.0407725346605668
6.96558730533914e-06,6.95444130856466e-05,0.00166552213531042,6.80000019073486e-06,6.78758203230637e-05,0.00160334674329502,760.945120939276,5.60000000000002,39.8,0.0354985299551822
6.97144341289505e-06,6.95875091929317e-05,0.00166832218969165,6.80000019073486e-06,6.78601698502475e-05,0.00160263026819923,791.092481346077,6.80000000000001,39.8,0.036309479425899
6.97219249921517e-06,6.95789579318034e-05,0.00166582284161908,6.80000019073486e-06,6.78445193774482e-05,0.00160216666666667,786.581222082873,6.19999999999999,39.8,0.0397701370696834
6.94033227323707e-06,6.92449626477684e-05,0.00165425820358987,6.80000019073486e-06,6.78288689046798e-05,0.00160216666666667,698.314749685103,7,39.8,0.0368138615620441
6.94564043070114e-06,6.92819481780404e-05,0.00165871740747302,6.80000019073486e-06,6.78132184319114e-05,0.00160216666666667,820.949928023096,6,39.8,0.0261095692820726
6.91945920138795e-06,6.90048080438475e-05,0.00164846717470545,6.80000019073486e-06,6.78037821174624e-05,0.00160216666666667,787.500507257594,6.60000000000002,39.8,0.0478772500448522
6.95991032073607e-06,6.93984974707644e-05,0.00166298686178251,6.80000019073486e-06,6.77959568810962e-05,0.00160216666666667,826.841933396175,5.80000000000001,39.8,0.0375393268542922
6.9461787858053e-06,6.92535295210843e-05,0.00165561709414545,6.80000019073486e-06,6.77991790372752e-05,0.00160235057471264,822.876307920056,5,39.8,0.0441374348180005
6.96534691182219e-06,6.9447688870255e-05,0.00166804155536977,6.80000019073486e-06,6.7838305219226e-05,0.00160313218390805,799.952979869139,6.39999999999998,39.8,0.0360037912192267
6.92211104910273e-06,6.90558062291495e-05,0.0016518229623797,6.80000019073486e-06,6.78774314011768e-05,0.00160391379310345,798.21157198911,6.19999999999999,39.8,0.0439429147866775
6.97173103754394e-06,6.95906388312067e-05,0.00167013305552174,6.80000019073486e-06,6.79139108121688e-05,0.00160416666666667,777.234654441185,7.60000000000002,39.8,0.0321622145340454
6.95186848038428e-06,6.94298343665905e-05,0.00166386445282286,6.80000019073486e-06,6.79491243761804e-05,0.00160416666666667,786.229553092329,7,39.8,0.0381253385043057
6.91690154317088e-06,6.91166438077929e-05,0.00165086283005462,6.80000019073486e-06,6.79818062460552e-05,0.00160405172413793,734.161383023726,5.19999999999999,40,0.0433963659861903
6.91613059653752e-06,6.91422310176122e-05,0.00164850451083027,6.80000019073486e-06,6.7995500409903e-05,0.00160307471264368,851.027662891471,6.19999999999999,39.8,0.0315966088867058
6.94483153927448e-06,6.9443414445004e-05,0.00165945659913621,6.80000019073486e-06,6.80091945737508e-05,0.00160209770114943,818.684805102375,6.39999999999998,39.8,0.038125370093203
6.93992552686828e-06,6.94083491901757e-05,0.00165697797983177,6.80000019073486e-06,6.80294481270591e-05,0.0016019214559387,772.629396229597,6.39999999999998,39.8,0.0446721802798329
6.91196027053218e-06,6.91491956349893e-05,0.00164757848164924,6.80000019073486e-06,6.8054880145731e-05,0.00160237739463602,638.826195911048,7.39999999999998,40,0.0442465040853935
6.9121455804007e-06,6.91768141826822e-05,0.00164432436584917,6.80000019073486e-06,6.80803121644028e-05,0.00160283333333333,754.339166529864,7.39999999999998,40,0.0356728730539554
6.92088343615648e-06,6.92901127551256e-05,0.00164940631313827,6.80000019073486e-06,6.80900937100795e-05,0.00160283333333333,797.652963259388,6.60000000000002,39.8,0.0343628068604366
6.96038228320244e-06,6.96957981513543e-05,0.00166418214153295,6.80000019073486e-06,6.80998752557563e-05,0.00160283333333333,713.943762091755,5.60000000000002,39.8,0.0383620374923019
6.97124435852781e-06,6.9814579774486e-05,0.0016667808531491,6.80000019073486e-06,6.8103615258514e-05,0.0016030632183908,803.084348636708,5.60000000000002,39.8,0.0376192917053814
6.93357521263452e-06,6.94413224945091e-05,0.00165328304419328,6.80000019073486e-06,6.80997026402411e-05,0.00160358429118774,750.811648992616,7.39999999999998,39.8,0.0418969694341376
6.94230894317786e-06,6.95249569526452e-05,0.00165995068378336,6.80000019073486e-06,6.80957900219681e-05,0.00160410536398467,750.958090860057,7.39999999999998,40,0.0336270081504496
6.95509733665973e-06,6.96490372891473e-05,0.00166165194981786,6.80000019073486e-06,6.81166412521523e-05,0.00160537576812094,773.778975322078,6.19999999999999,39.8,0.0270238027881352
6.93606809100723e-06,6.94792387545587e-05,0.00165609451542216,6.80000019073486e-06,6.81407943287974e-05,0.00160674608310246,774.506473838292,6.60000000000002,39.8,0.0388078198449636
6.93562484714029e-06,6.94993591179198e-05,0.00165871691644589,6.80000019073486e-06,6.81455214028248e-05,0.00160735616046578,761.879947800863,6,39.8,0.0416222438306649
6.94774875714175e-06,6.96260557313366e-05,0.00166641302397041,6.80000019073486e-06,6.81096304713789e-05,0.00160637665008196,763.002937640263,6,39.8,0.0382556969208702
6.91469438966479e-06,6.9259025040166e-05,0.00165187552828312,6.80000019073486e-06,6.8073739539933e-05,0.00160539713969815,719.959973517121,5,39.8,0.037349839520154
6.93642671905524e-06,6.94402161777445e-05,0.00166099812718321,6.80000019073486e-06,6.80413585973546e-05,0.0016047183908046,816.200264527182,6.19999999999999,39.8,0.0298004862017901
6.93744905437107e-06,6.94173522019671e-05,0.00166002935958187,6.80000019073486e-06,6.80100576513508e-05,0.00160413218390805,724.946480301668,6.39999999999998,39.8,0.0314039764042398
6.9615630127268e-06,6.96266840552437e-05,0.00166649607978336,6.80000019073486e-06,6.79791594749087e-05,0.0016036398467433,662.999282504422,7,39.8,0.0469965574177735
6.96271625578871e-06,6.96065784943882e-05,0.00166475548402596,6.80000019073486e-06,6.79498148382042e-05,0.00160350957854406,839.417725201928,6.80000000000001,39.8,0.0374712210262856
6.92445938699214e-06,6.91940388587405e-05,0.00164843482394858,6.80000019073486e-06,6.79204702014998e-05,0.00160337931034483,776.406088819348,6.80000000000001,39.8,0.0282279250683091
6.91324710303025e-06,6.90521125163813e-05,0.00164631008070028,6.80000019073486e-06,6.78961889531587e-05,0.00160350191570881,781.601608386229,6.39999999999998,40,0.0450005908923887
6.94879631483529e-06,6.9382420611055e-05,0.00166261717546936,6.80000019073486e-06,6.78746695530158e-05,0.00160376245210728,816.846803076475,6.19999999999999,39.8,0.0417052847138176
6.92877879256832e-06,6.91604996037595e-05,0.00165306078225842,6.80000019073486e-06,6.78566024630556e-05,0.00160402873563218,715.047574136439,6.80000000000001,39.8,0.0516086014894191
6.9405949265355e-06,6.92599669607158e-05,0.00165949223659138,6.80000019073486e-06,6.7874209244984e-05,0.00160435440613027,789.671795845367,6.60000000000002,39.8,0.0347274016068967
6.8932372517071e-06,6.88046187892383e-05,0.00164220875921296,6.80000019073486e-06,6.78918160269123e-05,0.00160468007662835,809.083770702538,7.19999999999999,39.8,0.0405978044974911
6.92509572207216e-06,6.91404529200888e-05,0.00165432891385631,6.80000019073486e-06,6.78980301852372e-05,0.00160466091954023,795.814937177405,6.39999999999998,39.8,0.0362820365664693
6.95038615537714e-06,6.93994901109175e-05,0.0016636094718944,6.80000019073486e-06,6.78941175670257e-05,0.00160433524904215,805.858324336291,6.19999999999999,39.8,0.0412900649029277
6.92495379011592e-06,6.91417771776878e-05,0.00165493139832389,6.80000019073486e-06,6.78902049488142e-05,0.00160400957854406,792.32877710253,6.19999999999999,39.8,0.0357632848678009
6.94955901097174e-06,6.93834658336068e-05,0.00166384115178776,6.80000019073486e-06,6.78900898718079e-05,0.00160425287356322,820.007943596975,6.39999999999998,40,0.0360336054278323
6.91990806034039e-06,6.90872339727244e-05,0.00165403780121482,6.80000019073486e-06,6.78900898718079e-05,0.00160451340996169,762.042831955336,6,39.8,0.0468184300478793
6.92211368571011e-06,6.91092510983759e-05,0.00165231911706462,6.80000019073486e-06,6.78884787937221e-05,0.00160469348659004,736.61020484674,6.39999999999998,39.8,0.0354295754106452
6.95974163978488e-06,6.94833112992913e-05,0.0016676092035866,6.80000019073486e-06,6.78845661755135e-05,0.00160475862068966,774.269196843263,6.60000000000002,39.8,0.0338592425998158
6.91432005342694e-06,6.90258905260783e-05,0.00164921159981443,6.80000019073486e-06,6.78806535573049e-05,0.00160482375478927,733.057543174292,6.80000000000001,39.8,0.0408088655764884
6.94321614558131e-06,6.93103832696169e-05,0.00166300812023912,6.80000019073486e-06,6.78817467888629e-05,0.00160483333333333,796.0871102573,5.80000000000001,39.8,0.0399748900605724
6.93296535309726e-06,6.92090663150899e-05,0.00165822768142943,6.80000019073486e-06,6.78837030979668e-05,0.00160483333333333,688.486414580538,6.19999999999999,39.8,0.0416325714939697
6.92862801476001e-06,6.91677440745953e-05,0.00165653977859338,6.80000019073486e-06,6.78730009364446e-05,0.00160468007662835,796.996025640702,5.60000000000002,40,0.0340988679138385
6.91034733840742e-06,6.89745845765704e-05,0.00165014693410763,6.80000019073486e-06,6.78319184454199e-05,0.00160415900383142,693.233176646514,7.39999999999998,39.8,0.0403401598248424
6.95404471842214e-06,6.93694905504383e-05,0.00166616141643303,6.80000019073486e-06,6.77908359543951e-05,0.00160363793103448,795.670768011491,6.39999999999998,39.8,0.0400760735138169
6.91708180336349e-06,6.89587737732814e-05,0.00165090112735148,6.80000019073486e-06,6.77540688512761e-05,0.0016035,778.854793063883,6.60000000000002,40,0.0306018466970571
6.93350685109912e-06,6.9085042786673e-05,0.00165575875492794,6.80000019073486e-06,6.77188552878032e-05,0.0016035,753.320162012011,6.80000000000001,39.8,0.0458718732798288
6.91899177165905e-06,6.89044802011323e-05,0.00165305865665854,6.80000019073486e-06,6.76916762350759e-05,0.00160378779730235,715.473836197401,6.19999999999999,39.8,0.0358155839620983
6.92714014066568e-06,6.89578306766327e-05,0.00165553412783255,6.80000019073486e-06,6.77019915658282e-05,0.00160541864868233,831.761866499916,6.39999999999998,39.8,0.0341051562616591
6.92336980816903e-06,6.89301031698832e-05,0.00165559995760419,6.80000019073486e-06,6.77123068965806e-05,0.00160704950006231,784.852772053937,5.80000000000001,39.8,0.0388947120657675
6.94165173316606e-06,6.9122610795476e-05,0.0016635572656435,6.80000019073486e-06,6.76784637378831e-05,0.00160662554044079,765.163131604415,5.19999999999999,39.8,0.0275863513461816
6.94971680033924e-06,6.91692908973409e-05,0.00166519257411404,6.80000019073486e-06,6.76172843714309e-05,0.00160492955496119,722.734311241095,5.80000000000001,39.8,0.0387541387648668
6.92514772065649e-06,6.88628553998519e-05,0.00165613627787859,6.80000019073486e-06,6.75583228672045e-05,0.00160333333333333,781.256901740693,6.19999999999999,39.8,0.022685365569263
6.95101036715585e-06,6.90599503215571e-05,0.00166129516584914,6.80000019073486e-06,6.75348471585905e-05,0.00160333333333333,826.195150025159,5.39999999999998,39.8,0.0337008962695713
6.94891331357415e-06,6.90143346463521e-05,0.00166051805275284,6.80000019073486e-06,6.75113714499764e-05,0.00160333333333333,767.287126074848,6.80000000000001,39.8,0.0309444226589167
6.92271846468995e-06,6.87301692164437e-05,0.00165275389499546,6.80000019073486e-06,6.7495720977579e-05,0.00160323563218391,780.087234218472,5.19999999999999,39.8,0.0312461099799313
6.91836320571103e-06,6.86708532742012e-05,0.00165134267903507,6.80000019073486e-06,6.74878957413982e-05,0.00160304022988506,783.442422713868,6,39.8,0.0373111396989117
6.93121895011905e-06,6.8790357596112e-05,0.00165680025935522,6.80000019073486e-06,6.74800705052174e-05,0.00160284482758621,687.236400875342,7,39.8,0.0403669644820133
6.87219262043678e-06,6.81965596380332e-05,0.00163454114102144,6.80000019073486e-06,6.75237997663964e-05,0.00160442720306513,748.089048579475,6.19999999999999,39.8,0.0331235039326322
6.91257945432333e-06,6.86409859233277e-05,0.00164983053754907,6.80000019073486e-06,6.75707511836605e-05,0.00160612068965517,718.422147604603,6.60000000000002,39.8,0.0422535582622284
6.96356163708036e-06,6.91948943866986e-05,0.00167113914206894,6.80000019073486e-06,6.76102225957992e-05,0.00160706704980843,789.834739198149,6.80000000000001,39.8,0.0373028430100173
6.94561566475853e-06,6.9057161370992e-05,0.00166595767029135,6.80000019073486e-06,6.76376109227354e-05,0.00160680651340996,748.143174465836,7.39999999999998,39.8,0.0369396406520316
6.92303854581945e-06,6.88609264575999e-05,0.00165563048387124,6.80000019073486e-06,6.76649992496716e-05,0.00160654597701149,792.450776429462,5.39999999999998,39.8,0.0277976874339446
6.94482233574363e-06,6.91054920348667e-05,0.00166207350267591,6.80000019073486e-06,6.76794989522042e-05,0.00160671455938697,709.527122192008,6.39999999999998,39.8,0.0368763346567346
6.91265906670148e-06,6.88005279259331e-05,0.00165262646155382,6.80000019073486e-06,6.76912368066503e-05,0.00160697509578544,717.303202023455,7.39999999999998,39.8,0.047679848318976
6.89924808549238e-06,6.86790343370893e-05,0.00165078895007239,6.80000019073486e-06,6.770142112154e-05,0.00160727011494253,715.460255437249,7.19999999999999,39.8,0.0372699786992181
6.91842691291539e-06,6.88803079825833e-05,0.00165685671154304,6.80000019073486e-06,6.77072900487732e-05,0.00160766091954023,765.415567746924,7.60000000000002,39.8,0.0287440782100965
6.92743211605221e-06,6.89760105791998e-05,0.00166000783302346,6.80000019073486e-06,6.77131589760063e-05,0.00160805172413793,790.898424768765,7.60000000000002,40,0.026217527128782
6.95982207716789e-06,6.93044955556673e-05,0.00167329471036759,6.80000019073486e-06,6.77245515994774e-05,0.00160802873563218,738.123915057446,5.60000000000002,39.8,0.0360216614565213
6.93647943584589e-06,6.90835842200479e-05,0.00166360692521369,6.80000019073486e-06,6.77382457630476e-05,0.00160783333333333,764.49963775139,6.60000000000002,39.8,0.0323954553122562
6.92469631286832e-06,6.89801517089951e-05,0.00166114241945033,6.80000019073486e-06,6.77479122314501e-05,0.00160766666666667,785.079004478642,6.19999999999999,39.8,0.0403038598858756
6.91634162247043e-06,6.89068438652096e-05,0.00165893708817306,6.80000019073486e-06,6.77342180678799e-05,0.00160766666666667,685.009488142689,6.39999999999998,39.8,0.0316169544041073
6.93627864366032e-06,6.90919471377422e-05,0.00166430595058494,6.80000019073486e-06,6.77205239043097e-05,0.00160766666666667,733.212500260357,6.60000000000002,39.8,0.0360644531757057
6.95861992245555e-06,6.93005276328313e-05,0.00167327616000648,6.80000019073486e-06,6.7712583590983e-05,0.00160793486590038,753.178906838412,6.60000000000002,39.8,0.0359468100096663
6.90906481142424e-06,6.87987523779084e-05,0.00165173938547547,6.80000019073486e-06,6.77086709728268e-05,0.0016083908045977,788.126407667762,6.19999999999999,39.8,0.0378351360268464
6.90803187276493e-06,6.8784423646136e-05,0.00165047440564365,6.80000019073486e-06,6.77038377386379e-05,0.00160881992337165,780.458038938036,5.19999999999999,39.8,0.0348552605160765
6.93448167758221e-06,6.90428922963245e-05,0.00166288553066099,6.80000019073486e-06,6.76686241753669e-05,0.00160836398467433,720.383861573174,7.19999999999999,39.8,0.0354766607441075
6.91063777810601e-06,6.87701829340389e-05,0.00165391857974491,6.80000019073486e-06,6.76334106120959e-05,0.00160790804597701,769.45443557282,7.19999999999999,39.8,0.0458839421940003
6.91225830357539e-06,6.87505305080817e-05,0.00165450445000059,6.80000019073486e-06,6.76046413611136e-05,0.00160785057471264,723.729392830004,6,39.8,0.0320677506521478
6.89171705796603e-06,6.85168733700679e-05,0.00164421008561409,6.80000019073486e-06,6.75831219614561e-05,0.00160824137931034,781.921656498881,5.80000000000001,39.8,0.0378620142482967
6.88540863613276e-06,6.84322455672051e-05,0.00164345534960434,6.80000019073486e-06,6.75616025617987e-05,0.00160863218390805,770.625359212865,5.19999999999999,39.8,0.0396385468349187
6.90252528783915e-06,6.85805722399415e-05,0.00165501438674612,6.80000019073486e-06,6.75632711783435e-05,0.00160866666666667,794.854459118621,5.19999999999999,39.8,0.0485952372822003
6.93692756878429e-06,6.89237237012033e-05,0.0016638159982242,6.80000019073486e-06,6.75671837964563e-05,0.00160866666666667,831.836185380809,5.60000000000002,39.8,0.048650080899731
6.92598595650348e-06,6.88189495131975e-05,0.00166176354664435,6.80000019073486e-06,6.75681643074097e-05,0.00160832113085838,804.893713286084,5,39.8,0.0340185981914032
6.90724386610887e-06,6.8633773901123e-05,0.00165523314790996,6.80000019073486e-06,6.75637692885709e-05,0.00160734211273492,787.986535231876,6,39.8,0.0395629245394795
6.94100620486475e-06,6.89648744297943e-05,0.00166596157381883,6.80000019073486e-06,6.7559374269732e-05,0.00160636309461145,792.147661578944,6.19999999999999,39.8,0.0323437593659667
6.9383359727058e-06,6.89338594021738e-05,0.00166367074137699,6.80000019073486e-06,6.75646783969665e-05,0.00160616153205662,787.834379958038,5.39999999999998,40,0.0276689856472643
6.93927366070125e-06,6.8948390260284e-05,0.00166613926952333,6.80000019073486e-06,6.75724971176275e-05,0.00160616153205662,785.931780027715,6.39999999999998,39.8,0.0310092639101742
6.89927015724702e-06,6.85588401741015e-05,0.00165012208419203,6.80000019073486e-06,6.75841148746156e-05,0.00160625395822766,746.046856196478,6.60000000000002,39.8,0.0446869403221836
6.90535384748276e-06,6.86310262652573e-05,0.001650333251579,6.80000019073486e-06,6.76080794996669e-05,0.00160664676945457,818.969265912147,5.80000000000001,39.8,0.0387931134895325
6.91289439529617e-06,6.8730113980386e-05,0.00165390481015993,6.80000019073486e-06,6.76320441247182e-05,0.00160703958068149,774.825295798186,5.80000000000001,39.8,0.0432946184070528
6.93839135200756e-06,6.90079714489693e-05,0.00166737052200496,6.80000019073486e-06,6.76384740002187e-05,0.00160716666666667,799.055844929534,5.80000000000001,39.8,0.039389986239204
6.94106931154112e-06,6.90415216761202e-05,0.00166738127898024,6.80000019073486e-06,6.76365176911515e-05,0.00160716666666667,711.266386970105,6,39.8,0.0385077105218213
6.9077974702685e-06,6.87087571224987e-05,0.00165207240024368,6.80000019073486e-06,6.76357121521243e-05,0.00160716666666667,739.784018323505,5.80000000000001,40,0.0327656937886455
6.9386013207787e-06,6.90143153063242e-05,0.00166532196415121,6.80000019073486e-06,6.76435373883978e-05,0.00160716666666667,819.382164655329,6,40,0.0448911332858596
6.92994750205819e-06,6.89360492798103e-05,0.00166079177665958,6.80000019073486e-06,6.76513626246713e-05,0.00160716666666667,795.367039372771,6.60000000000002,40,0.0410996272794765
6.8990877148535e-06,6.86370414402219e-05,0.00164692996571322,6.80000019073486e-06,6.76427893878877e-05,0.00160723946360153,774.5611313201,6.39999999999998,39.8,0.0441708381210625
6.92220484366622e-06,6.88585683682562e-05,0.00165871689721511,6.80000019073486e-06,6.76212699881645e-05,0.00160736973180077,808.243601448757,6,39.8,0.0353242970303339
6.92360430383674e-06,6.88508207548412e-05,0.00165941005159116,6.80000019073486e-06,6.75997505884412e-05,0.0016075,702.566063197592,5.80000000000001,39.8,0.0355890451961198
